,Feature,Importance
35,CHEMONTID:0000364,0.28113315968092084
94,CHEMONTID:0002286,0.1932420798047431
0,CHEBI:22712,0.07413153473375293
44,CHEBI:76983,0.058618078293710754
22,CHEBI:33261,0.04642426713465826
55,CHEMONTID:0000490,0.045169482519929686
40,CHEMONTID:0003940,0.04028485435154198
214,CHEMONTID:0001878,0.032380863176724256
143,CHEBI:33709,0.029825660770201195
203,CHEMONTID:0002496,0.01828149048509497
4,CHEBI:50492,0.017582898833857143
51,CHEMONTID:0002279,0.01753183814867047
204,CHEMONTID:0000127,0.017395068116314662
89,CHEMONTID:0002509,0.009447326881266453
100,CHEBI:23665,0.00925001371607748
144,CHEBI:16670,0.008850191542105592
211,CHEBI:13759,0.008785528660067212
378,CHEMONTID:0001693,0.008587920646297941
217,CHEMONTID:0001100,0.007158867267337522
158,CHEMONTID:0001663,0.006546698250572863
26,CHEMONTID:0000002,0.0061598710568581865
16,CHEBI:33836,0.005339968166289886
375,CHEBI:26588,0.003497268201827892
128,CHEMONTID:0002239,0.003253564581191256
8,CHEBI:33302,0.002933213233145548
317,CHEMONTID:0001225,0.002904089120501659
290,CHEBI:48588,0.002591282924002137
669,CHEMONTID:0001585,0.002497253943546389
396,CHEBI:17135,0.0024222911359073045
42,CHEMONTID:0001831,0.002255575843193565
17,CHEBI:24532,0.0019151510311373797
81,CHEMONTID:0004603,0.0018784026476466715
307,CHEBI:22512,0.0014198431277019968
21,CHEBI:25698,0.0013860774791927637
218,CHEMONTID:0001031,0.001374788150669148
205,CHEMONTID:0003023,0.00130912309944552
297,CHEMONTID:0002357,0.0013082871416280307
379,CHEMONTID:0004105,0.0013020357406877251
159,CHEMONTID:0001137,0.0011101814990160488
462,CHEBI:26912,0.0010286240656501144
377,CHEMONTID:0000098,0.001012115408425438
146,CHEBI:32877,0.001005109263750902
67,CHEBI:59769,0.0008392207779884107
131,CHEBI:50887,0.0008198362700922003
188,CHEBI:27024,0.0007929001670701103
362,CHEBI:25693,0.0007618098937250028
157,CHEMONTID:0000188,0.0006823907848710599
97,CHEMONTID:0000286,0.0006624293669846582
401,CHEMONTID:0002951,0.0006171876513444659
207,CHEBI:48277,0.0005880895980747254
304,CHEBI:38530,0.0005589164166646055
268,CHEMONTID:0000160,0.0005518969836975145
380,CHEMONTID:0002449,0.0005450587991721733
314,CHEMONTID:0000485,0.0005422911767008134
38,CHEMONTID:0004557,0.0005368784161721025
294,CHEBI:47989,0.0005167259128109914
50,CHEMONTID:0002448,0.0005066413579052437
355,CHEMONTID:0001540,0.0004954553261500716
10,CHEBI:35352,0.0004267835004613616
53,CHEMONTID:0004233,0.0004172843861205148
209,CHEBI:37143,0.0003983875898488519
306,CHEBI:22315,0.00034476406675994995
238,CHEBI:33853,0.0003237652596467371
1433,CHEBI:17522,0.00031922935539594133
201,CHEBI:46766,0.000309746986654125
285,CHEMONTID:0004343,0.0003018426914029949
75,CHEBI:33822,0.0002971425038433413
215,CHEMONTID:0000313,0.0002491510032842105
68,CHEBI:15734,0.00023791962369103166
65,CHEBI:26191,0.00023270084974787104
160,CHEMONTID:0001205,0.00022187104388062185
308,CHEBI:50893,0.00022071434130512728
87,CHEMONTID:0002207,0.00021765044185502805
113,CHEMONTID:0004144,0.0001975150142142429
1434,CHEMONTID:0002210,0.0001872789510467939
90,CHEMONTID:0002012,0.00017802403228851573
363,CHEBI:26144,0.000174179324238236
486,CHEMONTID:0002648,0.00017100058568516411
82,CHEMONTID:0000323,0.00016304933492217394
52,CHEMONTID:0000031,0.0001615461636179716
153,CHEMONTID:0002551,0.00014206138320262783
296,CHEMONTID:0000291,0.00013901364486351684
79,CHEBI:28963,0.00013440214731132548
86,CHEMONTID:0002125,0.00013164573928264265
88,CHEMONTID:0002435,0.0001286636726420461
295,CHEMONTID:0001530,0.00012573785864219088
76,CHEBI:30879,0.0001248721945905205
11,CHEBI:25701,0.00012343630839727198
301,CHEMONTID:0000517,0.00011348764445133203
1025,CHEBI:5653,0.0001116081591807359
208,CHEBI:18000,9.85111351340338e-05
202,CHEMONTID:0000261,9.733128585086348e-05
206,CHEMONTID:0001664,9.519714619553679e-05
106,CHEBI:51151,9.512632460670718e-05
165,CHEBI:22562,9.490175667444458e-05
220,CHEMONTID:0000469,9.128263452565126e-05
298,CHEMONTID:0001262,8.513627812406668e-05
278,CHEBI:23424,8.445871829604871e-05
114,CHEMONTID:0003633,8.210602160166488e-05
221,CHEMONTID:0001517,8.129675576986439e-05
300,CHEMONTID:0003890,7.739769072147508e-05
280,CHEMONTID:0001292,7.058215194425928e-05
136,CHEBI:33575,6.232856411059393e-05
367,CHEMONTID:0002019,5.594174563386717e-05
345,CHEBI:38836,5.4672700617550596e-05
18,CHEBI:35622,5.348681608277984e-05
39,CHEMONTID:0000278,5.3113266634464194e-05
400,CHEMONTID:0001334,5.062500133808867e-05
37,CHEMONTID:0004139,4.7488321249446956e-05
69,CHEBI:61689,4.545600759936673e-05
293,CHEBI:51689,4.3683113175103724e-05
384,CHEMONTID:0000189,4.060594721456696e-05
107,CHEBI:32876,3.99918423689515e-05
132,CHEMONTID:0001099,3.919542834108954e-05
291,CHEBI:38338,3.894934163911068e-05
313,CHEMONTID:0000247,3.83577598097151e-05
2,CHEBI:50990,3.777385175176553e-05
93,CHEMONTID:0001661,3.672979972678328e-05
366,CHEMONTID:0003359,3.644016610594876e-05
133,CHEMONTID:0001030,3.229223869346956e-05
173,CHEBI:24436,3.115325520427493e-05
32,CHEMONTID:0000128,2.962783956206856e-05
49,CHEBI:35850,2.7966864092745893e-05
262,CHEMONTID:0002256,2.700971034163895e-05
120,CHEMONTID:0000321,2.6835969465953153e-05
289,CHEBI:38337,2.6787836713939202e-05
62,CHEBI:46942,2.5274297434706848e-05
330,CHEMONTID:0000012,2.5008150550333737e-05
353,CHEMONTID:0001729,2.299302776498648e-05
357,CHEBI:46848,2.0944827754730405e-05
91,CHEMONTID:0003675,2.093288533395997e-05
59,CHEBI:50699,1.9498190902174052e-05
23,CHEBI:51143,1.8926367614644686e-05
320,CHEBI:20857,1.82512691521065e-05
223,CHEBI:23449,1.806758687561268e-05
162,CHEMONTID:0000060,1.7859342169288925e-05
72,CHEBI:61697,1.70416736950068e-05
1028,CHEMONTID:0001092,1.6393950703249588e-05
310,CHEBI:26401,1.547306807228977e-05
30,CHEMONTID:0002341,1.5409032652898e-05
319,CHEBI:18133,1.5317568224265084e-05
371,CHEMONTID:0003862,1.277876599206553e-05
1083,CHEMONTID:0001694,1.2771135098945637e-05
139,CHEBI:35338,1.0301003414940209e-05
324,CHEMONTID:0001498,9.923904932759787e-06
177,CHEMONTID:0003152,8.059280613719199e-06
64,CHEBI:35681,7.174149734423244e-06
127,CHEMONTID:0000195,6.796310251562384e-06
1591,CHEMONTID:0004749,5.734547531017215e-06
418,CHEBI:26455,4.623416412363044e-06
58,CHEMONTID:0003137,4.395702559728471e-06
77,CHEBI:32952,4.279605250615627e-06
481,CHEMONTID:0000294,3.443368084440447e-06
199,CHEMONTID:0001658,3.0510974785514636e-06
134,CHEMONTID:0001516,2.559447744301844e-06
212,CHEBI:68452,1.4764387564398593e-06
390,CHEMONTID:0003260,1.3413921579713513e-06
219,CHEMONTID:0000099,1.2921335898511125e-06
397,CHEBI:26407,1.2216300261232507e-06
161,CHEMONTID:0000347,9.591911518788412e-07
150,CHEMONTID:0000013,8.753322922860532e-07
383,CHEMONTID:0002010,8.067818545780036e-07
184,CHEBI:38314,7.691271227793355e-07
149,CHEMONTID:0000265,6.19014342437868e-07
1303,CHEBI:24302,4.27935668281848e-07
213,CHEBI:24469,3.56598621945027e-07
222,CHEMONTID:0001027,2.975798838900534e-07
60,CHEBI:24400,9.682587514474801e-08
398,CHEBI:2571,7.281722479300379e-08
348,CHEMONTID:0003482,5.934940688808333e-08
917,CHEMONTID:0001542,5.7094239011953284e-08
96,CHEMONTID:0001656,1.9197080904144412e-09
1581,CHEBI:28384,0.0
1638,CHEMONTID:0000460,0.0
1651,CHEBI:39268,0.0
1650,CHEMONTID:0004794,0.0
1649,CHEMONTID:0004098,0.0
1648,CHEMONTID:0002858,0.0
1647,CHEBI:55369,0.0
1646,CHEMONTID:0000059,0.0
1645,CHEMONTID:0003480,0.0
1644,CHEBI:36087,0.0
1643,CHEMONTID:0001884,0.0
1642,CHEBI:46954,0.0
1641,CHEMONTID:0004057,0.0
1640,CHEMONTID:0000442,0.0
1639,CHEMONTID:0000534,0.0
1637,CHEBI:23367,0.0
1652,CHEMONTID:0000055,0.0
1636,CHEBI:33675,0.0
1635,CHEBI:22632,0.0
1634,CHEMONTID:0004494,0.0
1633,CHEMONTID:0000568,0.0
1632,CHEMONTID:0000439,0.0
1631,CHEMONTID:0000307,0.0
1630,CHEBI:46986,0.0
1629,CHEMONTID:0001025,0.0
1561,CHEBI:26822,0.0
1628,CHEMONTID:0001010,0.0
1627,CHEBI:36816,0.0
1626,CHEMONTID:0000312,0.0
1625,CHEMONTID:0002913,0.0
1560,CHEMONTID:0001855,0.0
1653,CHEBI:50367,0.0
1582,CHEMONTID:0001534,0.0
1663,CHEMONTID:0003314,0.0
1550,CHEMONTID:0001088,0.0
1551,CHEMONTID:0002052,0.0
1672,CHEMONTID:0004410,0.0
1671,CHEMONTID:0001168,0.0
1670,CHEMONTID:0000378,0.0
1552,CHEMONTID:0002308,0.0
1669,CHEMONTID:0001458,0.0
1668,CHEBI:55429,0.0
1667,CHEBI:36389,0.0
1666,CHEMONTID:0001164,0.0
1665,CHEMONTID:0000207,0.0
1553,CHEMONTID:0001846,0.0
1664,CHEBI:38768,0.0
1662,CHEMONTID:0002002,0.0
1654,CHEMONTID:0000676,0.0
1554,CHEMONTID:0004390,0.0
1555,CHEBI:25970,0.0
1661,CHEMONTID:0002930,0.0
1556,CHEBI:35213,0.0
1660,CHEMONTID:0002003,0.0
1659,CHEBI:38032,0.0
1658,CHEMONTID:0003098,0.0
1557,CHEBI:23643,0.0
1657,CHEMONTID:0004718,0.0
1656,CHEMONTID:0004719,0.0
1655,CHEMONTID:0004211,0.0
1558,CHEMONTID:0001961,0.0
1559,CHEMONTID:0001994,0.0
1624,CHEBI:55380,0.0
1623,CHEMONTID:0003462,0.0
1562,CHEBI:46718,0.0
1575,CHEMONTID:0000175,0.0
1600,CHEMONTID:0000124,0.0
1599,CHEMONTID:0001527,0.0
1571,CHEMONTID:0001202,0.0
1572,CHEMONTID:0004631,0.0
1598,CHEMONTID:0002334,0.0
1597,CHEMONTID:0002695,0.0
1596,CHEMONTID:0004787,0.0
1595,CHEMONTID:0001438,0.0
1594,CHEBI:25716,0.0
1593,CHEMONTID:0000136,0.0
1573,CHEMONTID:0003453,0.0
1592,CHEBI:24646,0.0
1574,CHEBI:35741,0.0
1590,CHEBI:82851,0.0
1622,CHEMONTID:0001269,0.0
1271,CHEMONTID:0000588,0.0
1589,CHEMONTID:0000057,0.0
1576,CHEBI:25223,0.0
1577,CHEMONTID:0001178,0.0
1578,CHEMONTID:0004435,0.0
1588,CHEBI:38774,0.0
1587,CHEMONTID:0001402,0.0
1586,CHEBI:20432,0.0
1579,CHEMONTID:0002095,0.0
1580,CHEMONTID:0000187,0.0
1585,CHEMONTID:0003409,0.0
1584,CHEMONTID:0004191,0.0
1583,CHEMONTID:0001547,0.0
1601,CHEBI:49043,0.0
1602,CHEBI:38784,0.0
1603,CHEMONTID:0001243,0.0
1570,CHEBI:35666,0.0
1621,CHEBI:37783,0.0
1620,CHEMONTID:0004534,0.0
1619,CHEMONTID:0004536,0.0
1618,CHEMONTID:0003056,0.0
1617,CHEMONTID:0003252,0.0
1616,CHEBI:35726,0.0
1615,CHEMONTID:0000233,0.0
1563,CHEMONTID:0000555,0.0
1614,CHEMONTID:0001446,0.0
1564,CHEMONTID:0003942,0.0
1565,CHEMONTID:0002200,0.0
1613,CHEBI:47029,0.0
1612,CHEBI:48224,0.0
1566,CHEBI:48133,0.0
1567,CHEMONTID:0001733,0.0
1611,CHEMONTID:0000054,0.0
1610,CHEMONTID:0001581,0.0
1609,CHEMONTID:0001155,0.0
1673,CHEBI:38823,0.0
1272,CHEMONTID:0004103,0.0
1568,CHEMONTID:0004342,0.0
1569,CHEMONTID:0002641,0.0
1608,CHEMONTID:0003234,0.0
1607,CHEMONTID:0004158,0.0
1606,CHEBI:19129,0.0
1605,CHEBI:71017,0.0
1604,CHEMONTID:0000070,0.0
1337,CHEMONTID:0003965,0.0
1681,CHEMONTID:0000428,0.0
1674,CHEMONTID:0002921,0.0
1771,CHEBI:37739,0.0
1766,CHEBI:37512,0.0
1767,CHEMONTID:0001303,0.0
1768,CHEMONTID:0000103,0.0
1769,CHEBI:36700,0.0
1770,CHEBI:36313,0.0
1270,CHEMONTID:0000443,0.0
1772,CHEMONTID:0000256,0.0
1764,CHEMONTID:0004060,0.0
1773,CHEMONTID:0002213,0.0
1774,CHEMONTID:0001250,0.0
1775,CHEBI:36336,0.0
1776,CHEBI:33555,0.0
1777,CHEMONTID:0003600,0.0
1778,CHEMONTID:0003598,0.0
1765,CHEBI:22681,0.0
1763,CHEMONTID:0000590,0.0
1780,CHEMONTID:0003599,0.0
1754,CHEMONTID:0004443,0.0
1748,CHEMONTID:0001637,0.0
1749,CHEMONTID:0004162,0.0
1750,CHEBI:51328,0.0
1751,CHEMONTID:0003904,0.0
1752,CHEMONTID:0002864,0.0
1753,CHEMONTID:0000402,0.0
1755,CHEMONTID:0002350,0.0
1762,CHEBI:24858,0.0
1756,CHEMONTID:0002007,0.0
1757,CHEMONTID:0002637,0.0
1758,CHEMONTID:0003893,0.0
1759,CHEBI:35868,0.0
1760,CHEMONTID:0001359,0.0
1761,CHEBI:25196,0.0
1779,CHEMONTID:0003601,0.0
1781,CHEMONTID:0001935,0.0
1746,CHEMONTID:0001326,0.0
1807,CHEMONTID:0003931,0.0
1801,CHEMONTID:0004204,0.0
1802,CHEBI:59230,0.0
1803,CHEBI:37578,0.0
1804,CHEBI:36094,0.0
1805,CHEMONTID:0003919,0.0
1806,CHEMONTID:0004491,0.0
1808,CHEMONTID:0002875,0.0
1799,CHEBI:37293,0.0
1809,CHEBI:46809,0.0
1810,CHEMONTID:0001822,0.0
1811,CHEMONTID:0004354,0.0
1812,CHEMONTID:0002924,0.0
1813,CHEMONTID:0001714,0.0
1814,CHEBI:60317,0.0
1800,CHEMONTID:0001997,0.0
1798,CHEMONTID:0002945,0.0
1782,CHEMONTID:0004222,0.0
1789,CHEBI:59770,0.0
1783,CHEMONTID:0003075,0.0
1784,CHEMONTID:0000018,0.0
1785,CHEMONTID:0002957,0.0
1786,CHEBI:60831,0.0
1787,CHEMONTID:0000161,0.0
1788,CHEMONTID:0003218,0.0
1790,CHEBI:38523,0.0
1797,CHEMONTID:0002946,0.0
1791,CHEMONTID:0003778,0.0
1792,CHEBI:65234,0.0
1793,CHEMONTID:0002760,0.0
1794,CHEMONTID:0000500,0.0
1795,CHEBI:74927,0.0
1796,CHEMONTID:0001818,0.0
1747,CHEBI:84729,0.0
1745,CHEMONTID:0004313,0.0
1675,CHEBI:59800,0.0
1700,CHEMONTID:0000451,0.0
1694,CHEMONTID:0004798,0.0
1695,CHEBI:63732,0.0
1696,CHEMONTID:0002528,0.0
1697,CHEMONTID:0001605,0.0
1698,CHEBI:33242,0.0
1699,CHEBI:24651,0.0
1701,CHEMONTID:0000717,0.0
1692,CHEMONTID:0004786,0.0
1702,CHEMONTID:0000444,0.0
1703,CHEMONTID:0003945,0.0
1704,CHEMONTID:0000941,0.0
1705,CHEMONTID:0001482,0.0
1706,CHEBI:36843,0.0
1707,CHEBI:36078,0.0
1693,CHEBI:35502,0.0
1691,CHEBI:38308,0.0
1709,CHEBI:3098,0.0
1682,CHEBI:46721,0.0
1676,CHEBI:59794,0.0
1677,CHEMONTID:0002133,0.0
1678,CHEMONTID:0003373,0.0
1679,CHEMONTID:0003953,0.0
1680,CHEMONTID:0000422,0.0
1548,CHEBI:73080,0.0
1683,CHEMONTID:0001521,0.0
1690,CHEMONTID:0000315,0.0
1684,CHEMONTID:0004447,0.0
1685,CHEMONTID:0001645,0.0
1686,CHEMONTID:0004700,0.0
1687,CHEMONTID:0004412,0.0
1688,CHEMONTID:0000205,0.0
1689,CHEBI:48912,0.0
1708,CHEBI:36844,0.0
1710,CHEMONTID:0001445,0.0
1744,CHEMONTID:0002979,0.0
1736,CHEMONTID:0002989,0.0
1730,CHEBI:72544,0.0
1731,CHEBI:50018,0.0
1732,CHEMONTID:0000334,0.0
1733,CHEMONTID:0001111,0.0
1734,CHEMONTID:0003531,0.0
1735,CHEMONTID:0002915,0.0
1737,CHEMONTID:0002992,0.0
1728,CHEBI:71968,0.0
1738,CHEMONTID:0002993,0.0
1739,CHEMONTID:0001615,0.0
1740,CHEMONTID:0001583,0.0
1741,CHEBI:36836,0.0
1742,CHEMONTID:0003233,0.0
1743,CHEMONTID:0003226,0.0
1729,CHEBI:24043,0.0
1727,CHEMONTID:0003971,0.0
1711,CHEMONTID:0000516,0.0
1718,CHEBI:23509,0.0
1712,CHEMONTID:0003239,0.0
1713,CHEMONTID:0002194,0.0
1714,CHEMONTID:0002956,0.0
1715,CHEMONTID:0000426,0.0
1716,CHEBI:47910,0.0
1717,CHEBI:51454,0.0
1719,CHEMONTID:0004555,0.0
1726,CHEMONTID:0004093,0.0
1720,CHEMONTID:0002524,0.0
1721,CHEMONTID:0003989,0.0
1722,CHEMONTID:0002183,0.0
1723,CHEBI:25549,0.0
1724,CHEMONTID:0004776,0.0
1725,CHEMONTID:0004778,0.0
1549,CHEMONTID:0002790,0.0
1528,CHEBI:25996,0.0
1547,CHEMONTID:0004577,0.0
1401,CHEMONTID:0003746,0.0
1396,CHEMONTID:0002817,0.0
1397,CHEMONTID:0002326,0.0
1398,CHEBI:46921,0.0
1399,CHEMONTID:0002014,0.0
1308,CHEMONTID:0003308,0.0
1400,CHEMONTID:0002556,0.0
1402,CHEBI:25392,0.0
1546,CHEMONTID:0000020,0.0
1403,CHEBI:24921,0.0
1404,CHEMONTID:0000381,0.0
1405,CHEMONTID:0002441,0.0
1406,CHEBI:38298,0.0
1407,CHEMONTID:0000296,0.0
1408,CHEBI:23238,0.0
1395,CHEMONTID:0003408,0.0
1394,CHEMONTID:0001578,0.0
1393,CHEMONTID:0001873,0.0
1392,CHEMONTID:0000200,0.0
1391,CHEBI:39203,0.0
1390,CHEBI:55372,0.0
1389,CHEBI:38835,0.0
1388,CHEBI:38831,0.0
1387,CHEMONTID:0004128,0.0
1386,CHEMONTID:0001775,0.0
1309,CHEMONTID:0001766,0.0
1310,CHEMONTID:0002813,0.0
1311,CHEMONTID:0001181,0.0
1385,CHEMONTID:0002516,0.0
1312,CHEMONTID:0000086,0.0
1313,CHEBI:22860,0.0
1384,CHEBI:46844,0.0
1409,CHEBI:53792,0.0
1410,CHEMONTID:0002339,0.0
1411,CHEMONTID:0000144,0.0
1427,CHEBI:51549,0.0
1440,CHEBI:23114,0.0
1439,CHEMONTID:0002770,0.0
1438,CHEMONTID:0002771,0.0
1437,CHEMONTID:0002772,0.0
1304,CHEBI:35719,0.0
1436,CHEBI:23150,0.0
1435,CHEBI:38857,0.0
1305,CHEBI:38038,0.0
1432,CHEMONTID:0004160,0.0
1431,CHEBI:39279,0.0
1430,CHEMONTID:0002332,0.0
1429,CHEMONTID:0001859,0.0
1428,CHEBI:38932,0.0
1306,CHEBI:37909,0.0
1426,CHEMONTID:0003078,0.0
1412,CHEBI:38776,0.0
1425,CHEBI:22307,0.0
1424,CHEMONTID:0003232,0.0
1423,CHEBI:36835,0.0
1307,CHEBI:63436,0.0
1422,CHEMONTID:0000488,0.0
1421,CHEMONTID:0001152,0.0
1420,CHEMONTID:0004091,0.0
1419,CHEMONTID:0000395,0.0
1418,CHEMONTID:0000463,0.0
1417,CHEBI:51081,0.0
1416,CHEMONTID:0003930,0.0
1415,CHEBI:48369,0.0
1414,CHEMONTID:0003590,0.0
1413,CHEMONTID:0004331,0.0
1314,CHEMONTID:0001609,0.0
1315,CHEMONTID:0000266,0.0
1316,CHEMONTID:0004117,0.0
1348,CHEMONTID:0001467,0.0
1356,CHEMONTID:0004531,0.0
1355,CHEMONTID:0002177,0.0
1354,CHEBI:19254,0.0
1325,CHEMONTID:0000370,0.0
1353,CHEMONTID:0001322,0.0
1352,CHEMONTID:0001227,0.0
1326,CHEBI:50345,0.0
1327,CHEMONTID:0002902,0.0
1328,CHEBI:37910,0.0
1329,CHEMONTID:0000021,0.0
1351,CHEBI:38307,0.0
1350,CHEMONTID:0001396,0.0
1349,CHEBI:46969,0.0
1330,CHEMONTID:0004632,0.0
1347,CHEMONTID:0003568,0.0
1358,CHEBI:47787,0.0
1346,CHEBI:50402,0.0
1345,CHEBI:36834,0.0
1331,CHEBI:48739,0.0
1344,CHEMONTID:0002382,0.0
1332,CHEMONTID:0002349,0.0
1333,CHEBI:39270,0.0
1343,CHEMONTID:0003245,0.0
1342,CHEBI:50917,0.0
1341,CHEMONTID:0003230,0.0
1340,CHEBI:36840,0.0
1339,CHEBI:16799,0.0
1334,CHEMONTID:0001634,0.0
1338,CHEMONTID:0004712,0.0
1335,CHEMONTID:0004713,0.0
1357,CHEMONTID:0004210,0.0
1359,CHEMONTID:0003059,0.0
1317,CHEBI:64096,0.0
1374,CHEBI:19168,0.0
1318,CHEMONTID:0002702,0.0
1319,CHEMONTID:0001386,0.0
1320,CHEMONTID:0001158,0.0
1321,CHEMONTID:0004809,0.0
1322,CHEMONTID:0001122,0.0
1383,CHEMONTID:0002563,0.0
1382,CHEMONTID:0003469,0.0
1381,CHEMONTID:0003311,0.0
1380,CHEMONTID:0001179,0.0
1379,CHEMONTID:0004434,0.0
1378,CHEBI:33551,0.0
1377,CHEBI:47901,0.0
1376,CHEMONTID:0003558,0.0
1375,CHEMONTID:0003027,0.0
1373,CHEMONTID:0003866,0.0
1360,CHEBI:38670,0.0
1323,CHEMONTID:0004628,0.0
1372,CHEMONTID:0000699,0.0
1371,CHEMONTID:0000446,0.0
1370,CHEBI:35406,0.0
1369,CHEBI:33299,0.0
1368,CHEBI:24840,0.0
1367,CHEBI:36364,0.0
1366,CHEMONTID:0004822,0.0
1365,CHEMONTID:0004823,0.0
1364,CHEMONTID:0004131,0.0
1363,CHEMONTID:0001097,0.0
1362,CHEMONTID:0000280,0.0
1361,CHEMONTID:0004415,0.0
1324,CHEMONTID:0000107,0.0
1441,CHEMONTID:0000438,0.0
1442,CHEMONTID:0000563,0.0
1443,CHEBI:38192,0.0
1501,CHEMONTID:0002630,0.0
1511,CHEMONTID:0004552,0.0
1510,CHEMONTID:0000080,0.0
1509,CHEMONTID:0001629,0.0
1273,CHEMONTID:0004711,0.0
1274,CHEBI:38127,0.0
1508,CHEBI:38769,0.0
1275,CHEMONTID:0001190,0.0
1276,CHEMONTID:0000056,0.0
1507,CHEMONTID:0001987,0.0
1506,CHEMONTID:0001816,0.0
1505,CHEBI:47790,0.0
1504,CHEBI:63433,0.0
1503,CHEMONTID:0004729,0.0
1502,CHEBI:51917,0.0
1500,CHEMONTID:0001895,0.0
1513,CHEBI:35501,0.0
1277,CHEMONTID:0003870,0.0
1499,CHEMONTID:0000122,0.0
1498,CHEMONTID:0001416,0.0
1278,CHEMONTID:0002466,0.0
1279,CHEBI:24983,0.0
1280,CHEBI:25750,0.0
1497,CHEMONTID:0001115,0.0
1281,CHEMONTID:0003079,0.0
1496,CHEMONTID:0001879,0.0
1495,CHEBI:25754,0.0
1494,CHEMONTID:0000092,0.0
1493,CHEMONTID:0002001,0.0
1492,CHEBI:72565,0.0
1491,CHEMONTID:0000756,0.0
1512,CHEMONTID:0004207,0.0
1514,CHEMONTID:0004226,0.0
1283,CHEMONTID:0004543,0.0
1531,CHEMONTID:0000116,0.0
1545,CHEMONTID:0001282,0.0
1544,CHEBI:24059,0.0
1543,CHEMONTID:0000033,0.0
1542,CHEBI:22743,0.0
1541,CHEMONTID:0001275,0.0
1540,CHEMONTID:0004212,0.0
1539,CHEMONTID:0002651,0.0
1538,CHEMONTID:0002650,0.0
1537,CHEBI:78802,0.0
1536,CHEMONTID:0003417,0.0
1535,CHEBI:4986,0.0
1534,CHEMONTID:0001920,0.0
1533,CHEMONTID:0001575,0.0
1532,CHEBI:16179,0.0
1530,CHEMONTID:0000208,0.0
1515,CHEBI:60173,0.0
1529,CHEMONTID:0000113,0.0
1336,CHEMONTID:0000342,0.0
1527,CHEBI:26414,0.0
1526,CHEMONTID:0002338,0.0
1525,CHEMONTID:0001313,0.0
1524,CHEMONTID:0000368,0.0
1523,CHEMONTID:0000242,0.0
1522,CHEMONTID:0001974,0.0
1521,CHEMONTID:0000275,0.0
1520,CHEMONTID:0001363,0.0
1519,CHEMONTID:0003674,0.0
1518,CHEMONTID:0004525,0.0
1517,CHEBI:23151,0.0
1516,CHEMONTID:0002179,0.0
1282,CHEBI:50334,0.0
1490,CHEBI:48909,0.0
1444,CHEBI:38183,0.0
1292,CHEMONTID:0000376,0.0
1460,CHEBI:48379,0.0
1459,CHEMONTID:0001314,0.0
1458,CHEMONTID:0000190,0.0
1457,CHEMONTID:0002011,0.0
1456,CHEMONTID:0004792,0.0
1455,CHEMONTID:0003425,0.0
1454,CHEMONTID:0000047,0.0
1289,CHEMONTID:0001093,0.0
1453,CHEMONTID:0001510,0.0
1452,CHEBI:46926,0.0
1290,CHEMONTID:0003223,0.0
1291,CHEMONTID:0000475,0.0
1451,CHEBI:50307,0.0
1450,CHEMONTID:0001988,0.0
1293,CHEBI:26369,0.0
1462,CHEMONTID:0004511,0.0
1294,CHEBI:24128,0.0
1449,CHEMONTID:0001910,0.0
1295,CHEMONTID:0000358,0.0
1448,CHEMONTID:0001160,0.0
1447,CHEMONTID:0002111,0.0
1296,CHEMONTID:0002833,0.0
1297,CHEMONTID:0002569,0.0
1446,CHEMONTID:0000240,0.0
1298,CHEMONTID:0000202,0.0
1299,CHEBI:39410,0.0
1300,CHEMONTID:0004107,0.0
1445,CHEBI:48626,0.0
1301,CHEMONTID:0002336,0.0
1302,CHEMONTID:0000007,0.0
1461,CHEMONTID:0001231,0.0
1288,CHEBI:24650,0.0
1489,CHEMONTID:0002485,0.0
1478,CHEMONTID:0004791,0.0
1284,CHEMONTID:0001764,0.0
1285,CHEMONTID:0004197,0.0
1488,CHEMONTID:0000416,0.0
1487,CHEBI:39201,0.0
1486,CHEMONTID:0000182,0.0
1485,CHEBI:33567,0.0
1816,CHEMONTID:0001214,0.0
1484,CHEMONTID:0002775,0.0
1483,CHEMONTID:0001194,0.0
1286,CHEMONTID:0004171,0.0
1482,CHEMONTID:0000074,0.0
1481,CHEMONTID:0000206,0.0
1480,CHEBI:38770,0.0
1479,CHEBI:37921,0.0
1477,CHEMONTID:0003684,0.0
1463,CHEMONTID:0000597,0.0
1287,CHEBI:22177,0.0
1476,CHEMONTID:0001213,0.0
1475,CHEMONTID:0004506,0.0
1474,CHEBI:13790,0.0
1473,CHEMONTID:0000137,0.0
1472,CHEBI:33572,0.0
1471,CHEMONTID:0000372,0.0
1470,CHEMONTID:0002836,0.0
1469,CHEBI:38312,0.0
1468,CHEMONTID:0003370,0.0
1467,CHEBI:22682,0.0
1466,CHEMONTID:0004565,0.0
1465,CHEBI:33644,0.0
1464,CHEMONTID:0002995,0.0
1815,CHEMONTID:0003873,0.0
1897,CHEBI:26935,0.0
1817,CHEBI:46699,0.0
2187,CHEMONTID:0003295,0.0
2181,CHEMONTID:0000837,0.0
2182,CHEBI:35701,0.0
2183,CHEMONTID:0002354,0.0
2184,CHEBI:25622,0.0
2185,CHEMONTID:0002385,0.0
2186,CHEMONTID:0004077,0.0
2188,CHEBI:50401,0.0
2162,CHEMONTID:0003485,0.0
2189,CHEMONTID:0003566,0.0
2190,CHEMONTID:0001469,0.0
2191,CHEMONTID:0003006,0.0
2192,CHEMONTID:0002769,0.0
2193,CHEMONTID:0004774,0.0
2194,CHEMONTID:0002607,0.0
2180,CHEBI:33977,0.0
2179,CHEMONTID:0001948,0.0
2178,CHEMONTID:0003280,0.0
2177,CHEMONTID:0003351,0.0
2176,CHEMONTID:0002659,0.0
2175,CHEMONTID:0000407,0.0
2174,CHEMONTID:0004099,0.0
2173,CHEMONTID:0004440,0.0
2172,CHEMONTID:0003970,0.0
2171,CHEMONTID:0002610,0.0
2170,CHEMONTID:0000548,0.0
2169,CHEMONTID:0000454,0.0
2168,CHEBI:18140,0.0
2167,CHEMONTID:0002803,0.0
2166,CHEMONTID:0002807,0.0
2165,CHEMONTID:0002804,0.0
2164,CHEBI:64513,0.0
2195,CHEBI:38958,0.0
2196,CHEBI:38166,0.0
2197,CHEMONTID:0001794,0.0
2214,CHEMONTID:0003885,0.0
2228,CHEMONTID:0002049,0.0
2227,CHEBI:61777,0.0
2226,CHEBI:61778,0.0
2225,CHEMONTID:0000866,0.0
2224,CHEMONTID:0003672,0.0
2223,CHEMONTID:0003131,0.0
2222,CHEMONTID:0001740,0.0
2221,CHEMONTID:0001779,0.0
2220,CHEMONTID:0002335,0.0
2219,CHEMONTID:0002099,0.0
2218,CHEMONTID:0002976,0.0
2217,CHEMONTID:0002972,0.0
2216,CHEBI:20156,0.0
2215,CHEMONTID:0001281,0.0
2213,CHEMONTID:0001207,0.0
2198,CHEMONTID:0001461,0.0
2212,CHEMONTID:0001811,0.0
2211,CHEMONTID:0003932,0.0
2210,CHEBI:50356,0.0
2209,CHEMONTID:0000530,0.0
2208,CHEMONTID:0000458,0.0
2207,CHEMONTID:0004218,0.0
2206,CHEMONTID:0000251,0.0
2205,CHEMONTID:0001783,0.0
2204,CHEMONTID:0002749,0.0
2203,CHEBI:38485,0.0
2202,CHEMONTID:0004701,0.0
2201,CHEMONTID:0002429,0.0
2200,CHEBI:25712,0.0
2199,CHEMONTID:0002554,0.0
2163,CHEMONTID:0003543,0.0
2161,CHEMONTID:0003484,0.0
2230,CHEMONTID:0001580,0.0
2118,CHEMONTID:0001875,0.0
2112,CHEMONTID:0002504,0.0
2113,CHEBI:37668,0.0
2114,CHEMONTID:0001283,0.0
2115,CHEMONTID:0000724,0.0
2116,CHEMONTID:0002699,0.0
2117,CHEBI:38086,0.0
2119,CHEMONTID:0000032,0.0
2160,CHEBI:23232,0.0
2120,CHEMONTID:0002022,0.0
2121,CHEMONTID:0002536,0.0
2122,CHEBI:19834,0.0
2123,CHEBI:36982,0.0
2124,CHEMONTID:0001491,0.0
2125,CHEMONTID:0001502,0.0
2111,CHEBI:23252,0.0
2110,CHEMONTID:0000408,0.0
2109,CHEMONTID:0004777,0.0
2108,CHEMONTID:0002394,0.0
2107,CHEMONTID:0002083,0.0
2106,CHEBI:33271,0.0
2105,CHEBI:50229,0.0
2104,CHEMONTID:0000112,0.0
2103,CHEMONTID:0000382,0.0
2102,CHEMONTID:0001310,0.0
2101,CHEBI:22707,0.0
2100,CHEMONTID:0001208,0.0
2099,CHEMONTID:0001829,0.0
2098,CHEMONTID:0002042,0.0
2097,CHEMONTID:0001140,0.0
2096,CHEBI:61379,0.0
2095,CHEMONTID:0002344,0.0
2126,CHEMONTID:0000457,0.0
2127,CHEMONTID:0000546,0.0
2128,CHEMONTID:0004239,0.0
2145,CHEMONTID:0002506,0.0
2159,CHEMONTID:0001672,0.0
2158,CHEMONTID:0001924,0.0
2157,CHEMONTID:0004149,0.0
2156,CHEMONTID:0004477,0.0
2155,CHEMONTID:0000290,0.0
2154,CHEMONTID:0002874,0.0
2153,CHEBI:38096,0.0
2152,CHEMONTID:0002868,0.0
2151,CHEMONTID:0001028,0.0
2150,CHEMONTID:0001650,0.0
2149,CHEMONTID:0001612,0.0
2148,CHEMONTID:0002581,0.0
2147,CHEMONTID:0002602,0.0
2146,CHEMONTID:0002586,0.0
2144,CHEBI:50753,0.0
2129,CHEBI:38170,0.0
2143,CHEBI:72572,0.0
2142,CHEMONTID:0001557,0.0
2141,CHEMONTID:0002384,0.0
2140,CHEMONTID:0004080,0.0
2139,CHEBI:51320,0.0
2138,CHEBI:51321,0.0
2137,CHEMONTID:0002810,0.0
2136,CHEBI:23247,0.0
2135,CHEMONTID:0002415,0.0
2134,CHEMONTID:0004041,0.0
2133,CHEMONTID:0001114,0.0
2132,CHEMONTID:0000389,0.0
2131,CHEBI:33620,0.0
2130,CHEMONTID:0004734,0.0
2229,CHEMONTID:0002358,0.0
2231,CHEBI:55417,0.0
2093,CHEBI:38781,0.0
2325,CHEMONTID:0001804,0.0
2319,CHEBI:26442,0.0
2320,CHEBI:26441,0.0
2321,CHEBI:26446,0.0
2322,CHEMONTID:0001509,0.0
2323,CHEMONTID:0002147,0.0
2324,CHEMONTID:0001621,0.0
2326,CHEBI:35996,0.0
2300,CHEMONTID:0000088,0.0
2327,CHEMONTID:0001457,0.0
2328,CHEMONTID:0004019,0.0
2329,CHEBI:48864,0.0
2330,CHEMONTID:0002323,0.0
2331,CHEMONTID:0002342,0.0
2332,CHEMONTID:0001370,0.0
2318,CHEBI:62889,0.0
2317,CHEMONTID:0004775,0.0
2316,CHEMONTID:0002211,0.0
2315,CHEMONTID:0000244,0.0
2314,CHEBI:51570,0.0
2313,CHEMONTID:0004164,0.0
2312,CHEMONTID:0003387,0.0
2311,CHEMONTID:0004722,0.0
2310,CHEMONTID:0000494,0.0
2309,CHEMONTID:0002901,0.0
2308,CHEBI:38757,0.0
2307,CHEMONTID:0000437,0.0
2306,CHEMONTID:0000739,0.0
2305,CHEMONTID:0002795,0.0
2304,CHEMONTID:0001369,0.0
2303,CHEMONTID:0002227,0.0
2302,CHEMONTID:0002866,0.0
2333,CHEBI:25357,0.0
2334,CHEBI:24829,0.0
2335,CHEBI:38303,0.0
2352,CHEBI:35883,0.0
2366,CHEMONTID:0002403,0.0
2365,CHEMONTID:0001309,0.0
2364,CHEMONTID:0001814,0.0
2363,CHEBI:59656,0.0
2362,CHEMONTID:0001985,0.0
2361,CHEMONTID:0004252,0.0
2360,CHEBI:55469,0.0
2359,CHEMONTID:0004004,0.0
2358,CHEMONTID:0000648,0.0
2357,CHEMONTID:0002970,0.0
2356,CHEMONTID:0001805,0.0
2355,CHEMONTID:0000166,0.0
2354,CHEMONTID:0003001,0.0
2353,CHEMONTID:0000401,0.0
2351,CHEMONTID:0001651,0.0
2336,CHEMONTID:0000390,0.0
2350,CHEBI:22881,0.0
2349,CHEMONTID:0002487,0.0
2348,CHEMONTID:0003557,0.0
2347,CHEBI:38149,0.0
2346,CHEMONTID:0003993,0.0
2345,CHEMONTID:0002592,0.0
2344,CHEMONTID:0002585,0.0
2343,CHEMONTID:0003441,0.0
2342,CHEBI:47915,0.0
2341,CHEMONTID:0001075,0.0
2340,CHEMONTID:0000204,0.0
2339,CHEBI:51149,0.0
2338,CHEMONTID:0004096,0.0
2337,CHEMONTID:0000391,0.0
2301,CHEBI:50979,0.0
2299,CHEMONTID:0004683,0.0
2232,CHEMONTID:0003203,0.0
2256,CHEBI:24358,0.0
2250,CHEMONTID:0004043,0.0
2251,CHEMONTID:0002773,0.0
2252,CHEBI:38081,0.0
2253,CHEMONTID:0002905,0.0
2254,CHEMONTID:0000504,0.0
2255,CHEBI:24356,0.0
2257,CHEMONTID:0002260,0.0
2298,CHEMONTID:0001104,0.0
2258,CHEMONTID:0003446,0.0
2259,CHEBI:22063,0.0
2260,CHEBI:36579,0.0
2261,CHEMONTID:0002025,0.0
2262,CHEMONTID:0000901,0.0
2263,CHEMONTID:0003929,0.0
2249,CHEBI:22648,0.0
2248,CHEMONTID:0000650,0.0
2247,CHEMONTID:0004018,0.0
2246,CHEBI:23377,0.0
2245,CHEMONTID:0000921,0.0
2244,CHEMONTID:0004157,0.0
2243,CHEMONTID:0003310,0.0
2242,CHEMONTID:0002237,0.0
2241,CHEMONTID:0003597,0.0
2240,CHEMONTID:0002222,0.0
2239,CHEMONTID:0003070,0.0
2238,CHEMONTID:0004184,0.0
2237,CHEBI:35323,0.0
2236,CHEBI:35580,0.0
2235,CHEMONTID:0002834,0.0
2234,CHEMONTID:0004806,0.0
2233,CHEMONTID:0000105,0.0
2264,CHEMONTID:0000895,0.0
2265,CHEBI:35478,0.0
2266,CHEMONTID:0004488,0.0
2283,CHEBI:64459,0.0
2297,CHEMONTID:0004039,0.0
2296,CHEMONTID:0000574,0.0
2295,CHEBI:27008,0.0
2294,CHEMONTID:0003740,0.0
2293,CHEMONTID:0003718,0.0
2292,CHEMONTID:0003738,0.0
2291,CHEBI:60783,0.0
2290,CHEMONTID:0002315,0.0
2289,CHEMONTID:0001337,0.0
2288,CHEMONTID:0001979,0.0
2287,CHEBI:39305,0.0
2286,CHEMONTID:0000157,0.0
2285,CHEBI:53091,0.0
2284,CHEMONTID:0001978,0.0
2282,CHEMONTID:0002263,0.0
2267,CHEMONTID:0000735,0.0
2281,CHEBI:63169,0.0
2280,CHEMONTID:0002089,0.0
2279,CHEBI:25801,0.0
2278,CHEBI:35724,0.0
2277,CHEBI:63353,0.0
2276,CHEMONTID:0004418,0.0
2275,CHEMONTID:0004147,0.0
2274,CHEMONTID:0003589,0.0
2273,CHEMONTID:0001345,0.0
2272,CHEMONTID:0003978,0.0
2271,CHEBI:22698,0.0
2270,CHEBI:24673,0.0
2269,CHEMONTID:0002698,0.0
2268,CHEBI:23138,0.0
2094,CHEMONTID:0003094,0.0
2092,CHEMONTID:0002922,0.0
1818,CHEMONTID:0000304,0.0
1911,CHEMONTID:0002768,0.0
1905,CHEMONTID:0002515,0.0
1906,CHEMONTID:0002088,0.0
1907,CHEBI:46793,0.0
1908,CHEMONTID:0003338,0.0
1909,CHEMONTID:0002909,0.0
1910,CHEBI:33624,0.0
1912,CHEMONTID:0002923,0.0
1886,CHEBI:25830,0.0
1913,CHEBI:46950,0.0
1914,CHEMONTID:0001885,0.0
1915,CHEMONTID:0000355,0.0
1916,CHEMONTID:0003087,0.0
1917,CHEMONTID:0002622,0.0
1918,CHEMONTID:0004671,0.0
1904,CHEMONTID:0003457,0.0
1903,CHEMONTID:0001277,0.0
1902,CHEMONTID:0004476,0.0
1901,CHEMONTID:0000017,0.0
1900,CHEMONTID:0004622,0.0
1899,CHEMONTID:0001411,0.0
1898,CHEMONTID:0001554,0.0
1268,CHEBI:24866,0.0
1896,CHEBI:33641,0.0
1895,CHEBI:23044,0.0
1894,CHEBI:33642,0.0
1893,CHEBI:24632,0.0
1892,CHEMONTID:0003602,0.0
1891,CHEMONTID:0002494,0.0
1890,CHEMONTID:0001758,0.0
1889,CHEMONTID:0001614,0.0
1888,CHEBI:71971,0.0
1919,CHEMONTID:0000146,0.0
1920,CHEMONTID:0001148,0.0
1921,CHEBI:38295,0.0
1938,CHEMONTID:0003364,0.0
1952,CHEMONTID:0003085,0.0
1951,CHEMONTID:0004112,0.0
1950,CHEBI:25940,0.0
1949,CHEMONTID:0002108,0.0
1948,CHEMONTID:0001437,0.0
1947,CHEMONTID:0002406,0.0
1946,CHEMONTID:0004417,0.0
1945,CHEMONTID:0003361,0.0
1944,CHEMONTID:0002413,0.0
1943,CHEBI:48345,0.0
1942,CHEMONTID:0004220,0.0
1941,CHEMONTID:0004219,0.0
1940,CHEMONTID:0003315,0.0
1939,CHEMONTID:0004223,0.0
1937,CHEBI:47891,0.0
1922,CHEMONTID:0002919,0.0
1936,CHEMONTID:0002596,0.0
1935,CHEMONTID:0003533,0.0
1934,CHEMONTID:0003090,0.0
1933,CHEMONTID:0003869,0.0
1932,CHEMONTID:0004241,0.0
1931,CHEMONTID:0004280,0.0
1930,CHEMONTID:0004055,0.0
1929,CHEBI:26835,0.0
1928,CHEBI:33406,0.0
1927,CHEMONTID:0004630,0.0
1926,CHEMONTID:0004805,0.0
1925,CHEMONTID:0004702,0.0
1924,CHEMONTID:0001095,0.0
1923,CHEBI:17387,0.0
1887,CHEBI:22729,0.0
1885,CHEMONTID:0000221,0.0
1954,CHEBI:33989,0.0
1842,CHEMONTID:0000497,0.0
1836,CHEMONTID:0002434,0.0
1837,CHEBI:35412,0.0
1838,CHEBI:38779,0.0
1839,CHEBI:38778,0.0
1840,CHEMONTID:0002693,0.0
1841,CHEMONTID:0002798,0.0
1843,CHEBI:21656,0.0
1884,CHEMONTID:0001795,0.0
1844,CHEMONTID:0002276,0.0
1845,CHEBI:17855,0.0
1846,CHEMONTID:0003815,0.0
1847,CHEMONTID:0001135,0.0
1848,CHEMONTID:0002188,0.0
1849,CHEMONTID:0002567,0.0
1835,CHEMONTID:0000084,0.0
1834,CHEMONTID:0002265,0.0
1833,CHEMONTID:0003238,0.0
1832,CHEMONTID:0002453,0.0
1831,CHEBI:50471,0.0
1830,CHEMONTID:0000209,0.0
1829,CHEMONTID:0004078,0.0
1828,CHEBI:36919,0.0
1827,CHEMONTID:0002925,0.0
1826,CHEBI:46810,0.0
1825,CHEMONTID:0004063,0.0
1824,CHEBI:33964,0.0
1823,CHEMONTID:0004000,0.0
1822,CHEMONTID:0004413,0.0
1821,CHEMONTID:0004089,0.0
1820,CHEMONTID:0004715,0.0
1819,CHEMONTID:0002980,0.0
1850,CHEMONTID:0002044,0.0
1851,CHEBI:51871,0.0
1852,CHEMONTID:0001183,0.0
1869,CHEBI:3391,0.0
1883,CHEMONTID:0002719,0.0
1882,CHEBI:26515,0.0
1881,CHEBI:26516,0.0
1880,CHEMONTID:0000565,0.0
1879,CHEMONTID:0004470,0.0
1878,CHEMONTID:0000553,0.0
1877,CHEBI:50882,0.0
1876,CHEMONTID:0003105,0.0
1875,CHEBI:59126,0.0
1874,CHEMONTID:0004802,0.0
1873,CHEMONTID:0001865,0.0
1872,CHEMONTID:0004392,0.0
1871,CHEMONTID:0001866,0.0
1870,CHEBI:51915,0.0
1868,CHEMONTID:0001204,0.0
1853,CHEMONTID:0004206,0.0
1867,CHEMONTID:0002348,0.0
1866,CHEMONTID:0003454,0.0
1865,CHEMONTID:0001617,0.0
1864,CHEMONTID:0001544,0.0
1863,CHEMONTID:0001506,0.0
1862,CHEBI:26400,0.0
1861,CHEBI:26395,0.0
1860,CHEBI:26397,0.0
1859,CHEMONTID:0004529,0.0
1858,CHEMONTID:0003214,0.0
1857,CHEBI:48559,0.0
1856,CHEBI:38460,0.0
1855,CHEMONTID:0001321,0.0
1854,CHEMONTID:0002018,0.0
1953,CHEMONTID:0002445,0.0
1955,CHEMONTID:0000677,0.0
2091,CHEMONTID:0002422,0.0
2049,CHEMONTID:0001871,0.0
2043,CHEMONTID:0002954,0.0
2044,CHEMONTID:0003042,0.0
2045,CHEMONTID:0002618,0.0
2046,CHEBI:38444,0.0
2047,CHEMONTID:0003411,0.0
2048,CHEMONTID:0002424,0.0
2050,CHEMONTID:0004532,0.0
2024,CHEBI:51084,0.0
2051,CHEBI:37847,0.0
2052,CHEMONTID:0004388,0.0
2053,CHEBI:35746,0.0
2054,CHEMONTID:0002229,0.0
2055,CHEMONTID:0002490,0.0
2056,CHEMONTID:0002361,0.0
2042,CHEBI:26907,0.0
2041,CHEMONTID:0002086,0.0
2040,CHEMONTID:0004042,0.0
2039,CHEMONTID:0003106,0.0
2038,CHEBI:33255,0.0
2037,CHEMONTID:0001476,0.0
2036,CHEMONTID:0001470,0.0
2035,CHEMONTID:0001270,0.0
2034,CHEMONTID:0003102,0.0
2033,CHEMONTID:0001076,0.0
2032,CHEMONTID:0001442,0.0
2031,CHEBI:48840,0.0
2030,CHEMONTID:0001273,0.0
2029,CHEMONTID:0001272,0.0
2028,CHEMONTID:0000434,0.0
2027,CHEMONTID:0000573,0.0
2026,CHEMONTID:0004062,0.0
2057,CHEBI:46906,0.0
2058,CHEMONTID:0004378,0.0
2059,CHEMONTID:0003317,0.0
2076,CHEBI:25483,0.0
2090,CHEBI:46891,0.0
2089,CHEMONTID:0001990,0.0
2088,CHEMONTID:0002832,0.0
2087,CHEMONTID:0002307,0.0
2086,CHEMONTID:0003805,0.0
2085,CHEMONTID:0002671,0.0
2084,CHEMONTID:0002006,0.0
2083,CHEMONTID:0001723,0.0
2082,CHEMONTID:0001722,0.0
2081,CHEMONTID:0003322,0.0
2080,CHEBI:10036,0.0
2079,CHEMONTID:0000158,0.0
2078,CHEBI:24709,0.0
2077,CHEMONTID:0002421,0.0
2075,CHEMONTID:0003631,0.0
2060,CHEMONTID:0003319,0.0
2074,CHEMONTID:0003630,0.0
2073,CHEMONTID:0000171,0.0
2072,CHEBI:55506,0.0
2071,CHEMONTID:0004450,0.0
2070,CHEMONTID:0004714,0.0
2069,CHEMONTID:0002020,0.0
2068,CHEMONTID:0002288,0.0
2067,CHEBI:36393,0.0
2066,CHEMONTID:0001799,0.0
2065,CHEMONTID:0002525,0.0
2064,CHEMONTID:0001340,0.0
2063,CHEMONTID:0001113,0.0
2062,CHEMONTID:0001415,0.0
2061,CHEMONTID:0001501,0.0
2025,CHEMONTID:0000843,0.0
2023,CHEMONTID:0000695,0.0
1956,CHEBI:46648,0.0
1980,CHEMONTID:0000232,0.0
1974,CHEMONTID:0000433,0.0
1975,CHEBI:35405,0.0
1976,CHEMONTID:0000450,0.0
1977,CHEMONTID:0000855,0.0
1978,CHEBI:38924,0.0
1979,CHEMONTID:0000231,0.0
1981,CHEMONTID:0004005,0.0
2022,CHEMONTID:0002214,0.0
1982,CHEMONTID:0002419,0.0
1983,CHEBI:51960,0.0
1984,CHEBI:26255,0.0
1985,CHEBI:16389,0.0
1986,CHEMONTID:0001545,0.0
1987,CHEMONTID:0001825,0.0
1973,CHEBI:33583,0.0
1972,CHEMONTID:0004102,0.0
1971,CHEMONTID:0000656,0.0
1970,CHEMONTID:0000445,0.0
1969,CHEBI:33296,0.0
1968,CHEBI:24838,0.0
1967,CHEBI:38702,0.0
1966,CHEMONTID:0003927,0.0
1965,CHEBI:50394,0.0
1964,CHEMONTID:0001853,0.0
1963,CHEBI:38044,0.0
1962,CHEMONTID:0002778,0.0
1961,CHEMONTID:0001408,0.0
1960,CHEBI:57643,0.0
1959,CHEMONTID:0004471,0.0
1958,CHEMONTID:0001061,0.0
1957,CHEMONTID:0000435,0.0
1988,CHEMONTID:0001294,0.0
1989,CHEMONTID:0002802,0.0
1990,CHEMONTID:0002345,0.0
2007,CHEMONTID:0002707,0.0
2021,CHEBI:26707,0.0
2020,CHEMONTID:0002368,0.0
2019,CHEMONTID:0000660,0.0
2018,CHEMONTID:0003381,0.0
2017,CHEBI:33576,0.0
2016,CHEMONTID:0004716,0.0
2015,CHEMONTID:0000564,0.0
2014,CHEBI:24060,0.0
2013,CHEMONTID:0000858,0.0
2012,CHEBI:35175,0.0
2011,CHEMONTID:0000538,0.0
2010,CHEMONTID:0000461,0.0
2009,CHEMONTID:0004808,0.0
2008,CHEMONTID:0003894,0.0
2006,CHEMONTID:0001362,0.0
1991,CHEBI:25702,0.0
2005,CHEMONTID:0002914,0.0
2004,CHEMONTID:0001844,0.0
2003,CHEBI:28863,0.0
2002,CHEBI:38672,0.0
2001,CHEBI:72709,0.0
2000,CHEBI:48039,0.0
1999,CHEMONTID:0000100,0.0
1998,CHEBI:51245,0.0
1997,CHEMONTID:0000432,0.0
1996,CHEBI:24471,0.0
1995,CHEMONTID:0001443,0.0
1994,CHEBI:48435,0.0
1993,CHEMONTID:0003951,0.0
1992,CHEMONTID:0002440,0.0
1269,CHEMONTID:0000424,0.0
1184,CHEBI:55504,0.0
1267,CHEBI:24839,0.0
531,CHEBI:36615,0.0
525,CHEMONTID:0001983,0.0
526,CHEMONTID:0001982,0.0
527,CHEMONTID:0002223,0.0
528,CHEMONTID:0003626,0.0
529,CHEMONTID:0000050,0.0
530,CHEMONTID:0000131,0.0
532,CHEBI:27300,0.0
506,CHEMONTID:0004146,0.0
533,CHEBI:35341,0.0
534,CHEMONTID:0000258,0.0
535,CHEMONTID:0001460,0.0
536,CHEMONTID:0001553,0.0
537,CHEBI:38771,0.0
538,CHEBI:30527,0.0
524,CHEBI:24129,0.0
523,CHEBI:51659,0.0
522,CHEBI:51737,0.0
521,CHEBI:50523,0.0
520,CHEBI:25000,0.0
519,CHEBI:51702,0.0
518,CHEMONTID:0000262,0.0
517,CHEMONTID:0002404,0.0
516,CHEMONTID:0000489,0.0
515,CHEMONTID:0003086,0.0
514,CHEBI:59650,0.0
513,CHEBI:59554,0.0
512,CHEMONTID:0000004,0.0
511,CHEMONTID:0003865,0.0
510,CHEMONTID:0001166,0.0
509,CHEMONTID:0002467,0.0
508,CHEMONTID:0000341,0.0
539,CHEBI:26373,0.0
540,CHEBI:37326,0.0
541,CHEMONTID:0000109,0.0
558,CHEMONTID:0002636,0.0
572,CHEBI:26537,0.0
571,CHEBI:23849,0.0
570,CHEMONTID:0004161,0.0
569,CHEMONTID:0002458,0.0
568,CHEMONTID:0003924,0.0
567,CHEMONTID:0001917,0.0
566,CHEMONTID:0000110,0.0
565,CHEMONTID:0001318,0.0
564,CHEBI:38340,0.0
563,CHEBI:60977,0.0
562,CHEBI:22702,0.0
561,CHEBI:26375,0.0
560,CHEBI:16180,0.0
559,CHEMONTID:0003609,0.0
557,CHEMONTID:0001285,0.0
542,CHEMONTID:0000384,0.0
556,CHEMONTID:0000075,0.0
555,CHEMONTID:0001346,0.0
554,CHEBI:26948,0.0
553,CHEBI:25697,0.0
552,CHEMONTID:0001290,0.0
551,CHEMONTID:0000211,0.0
550,CHEBI:46867,0.0
549,CHEMONTID:0001212,0.0
548,CHEBI:29256,0.0
547,CHEBI:47908,0.0
546,CHEMONTID:0000346,0.0
545,CHEBI:35692,0.0
544,CHEMONTID:0000486,0.0
543,CHEMONTID:0001249,0.0
507,CHEMONTID:0001423,0.0
505,CHEMONTID:0002987,0.0
574,CHEMONTID:0001551,0.0
459,CHEBI:22715,0.0
453,CHEBI:33909,0.0
454,CHEBI:61120,0.0
455,CHEBI:33447,0.0
456,CHEBI:21731,0.0
457,CHEBI:63367,0.0
458,CHEBI:26816,0.0
460,CHEBI:36711,0.0
504,CHEMONTID:0001497,0.0
461,CHEBI:16648,0.0
463,CHEBI:33272,0.0
464,CHEBI:33497,0.0
465,CHEBI:36572,0.0
466,CHEBI:24868,0.0
467,CHEBI:27369,0.0
452,CHEMONTID:0003213,0.0
451,CHEMONTID:0004151,0.0
450,CHEMONTID:0004152,0.0
449,CHEMONTID:0003458,0.0
448,CHEMONTID:0000028,0.0
447,CHEMONTID:0002212,0.0
446,CHEBI:22324,0.0
445,CHEBI:37734,0.0
444,CHEBI:26079,0.0
443,CHEBI:38187,0.0
442,CHEBI:33855,0.0
441,CHEBI:24745,0.0
440,CHEBI:25340,0.0
439,CHEBI:25381,0.0
438,CHEMONTID:0001601,0.0
437,CHEMONTID:0001939,0.0
436,CHEBI:24613,0.0
468,CHEBI:25707,0.0
469,CHEBI:33906,0.0
470,CHEBI:26932,0.0
489,CHEMONTID:0003995,0.0
503,CHEMONTID:0004143,0.0
502,CHEMONTID:0004503,0.0
501,CHEMONTID:0004502,0.0
500,CHEMONTID:0000289,0.0
499,CHEBI:25384,0.0
498,CHEBI:23636,0.0
497,CHEBI:24654,0.0
496,CHEBI:59643,0.0
495,CHEBI:15705,0.0
494,CHEBI:20706,0.0
493,CHEBI:25230,0.0
492,CHEBI:33704,0.0
491,CHEMONTID:0001371,0.0
490,CHEMONTID:0003610,0.0
488,CHEMONTID:0004064,0.0
471,CHEBI:25901,0.0
487,CHEMONTID:0001673,0.0
485,CHEMONTID:0000091,0.0
484,CHEMONTID:0000331,0.0
483,CHEMONTID:0003459,0.0
482,CHEMONTID:0001266,0.0
480,CHEMONTID:0001541,0.0
479,CHEMONTID:0002203,0.0
478,CHEMONTID:0002259,0.0
477,CHEMONTID:0000663,0.0
476,CHEMONTID:0001926,0.0
475,CHEMONTID:0000352,0.0
474,CHEMONTID:0000353,0.0
473,CHEMONTID:0001455,0.0
472,CHEBI:33913,0.0
573,CHEMONTID:0001606,0.0
575,CHEBI:48847,0.0
1266,CHEBI:36093,0.0
670,CHEMONTID:0001157,0.0
663,CHEMONTID:0004225,0.0
664,CHEMONTID:0001012,0.0
665,CHEBI:38669,0.0
666,CHEBI:46920,0.0
667,CHEMONTID:0000305,0.0
668,CHEMONTID:0003358,0.0
671,CHEMONTID:0000087,0.0
644,CHEMONTID:0002085,0.0
672,CHEBI:60834,0.0
673,CHEBI:27115,0.0
674,CHEBI:25238,0.0
675,CHEBI:27358,0.0
676,CHEBI:48888,0.0
677,CHEBI:24676,0.0
662,CHEMONTID:0000386,0.0
661,CHEMONTID:0000503,0.0
660,CHEBI:23217,0.0
659,CHEBI:35287,0.0
658,CHEBI:35273,0.0
657,CHEMONTID:0000147,0.0
656,CHEBI:25106,0.0
655,CHEMONTID:0003073,0.0
654,CHEMONTID:0000035,0.0
653,CHEBI:33854,0.0
652,CHEMONTID:0000139,0.0
651,CHEMONTID:0000134,0.0
650,CHEMONTID:0000479,0.0
649,CHEBI:26394,0.0
648,CHEMONTID:0004573,0.0
647,CHEMONTID:0003998,0.0
646,CHEMONTID:0000415,0.0
678,CHEMONTID:0001786,0.0
679,CHEMONTID:0002750,0.0
680,CHEMONTID:0001914,0.0
697,CHEMONTID:0000491,0.0
711,CHEMONTID:0001253,0.0
710,CHEBI:26420,0.0
709,CHEBI:48975,0.0
708,CHEBI:33859,0.0
707,CHEBI:46771,0.0
706,CHEBI:36709,0.0
705,CHEBI:26513,0.0
704,CHEBI:23765,0.0
703,CHEMONTID:0002497,0.0
702,CHEMONTID:0002375,0.0
701,CHEMONTID:0000367,0.0
700,CHEMONTID:0001861,0.0
699,CHEBI:50075,0.0
698,CHEMONTID:0003130,0.0
696,CHEMONTID:0001891,0.0
681,CHEMONTID:0001251,0.0
695,CHEBI:37784,0.0
694,CHEBI:35813,0.0
693,CHEMONTID:0000505,0.0
692,CHEMONTID:0004111,0.0
691,CHEBI:51681,0.0
690,CHEMONTID:0000097,0.0
689,CHEMONTID:0002673,0.0
688,CHEMONTID:0000185,0.0
687,CHEMONTID:0000344,0.0
686,CHEBI:37942,0.0
685,CHEBI:33860,0.0
684,CHEMONTID:0000090,0.0
683,CHEMONTID:0002346,0.0
682,CHEMONTID:0002347,0.0
645,CHEMONTID:0004817,0.0
643,CHEBI:38278,0.0
576,CHEBI:39192,0.0
600,CHEBI:33566,0.0
594,CHEBI:46874,0.0
595,CHEBI:46767,0.0
596,CHEBI:46761,0.0
597,CHEMONTID:0004830,0.0
598,CHEMONTID:0000394,0.0
599,CHEMONTID:0002416,0.0
601,CHEBI:25036,0.0
642,CHEBI:38269,0.0
602,CHEBI:33570,0.0
603,CHEBI:26004,0.0
604,CHEMONTID:0001392,0.0
605,CHEMONTID:0001969,0.0
606,CHEMONTID:0000135,0.0
607,CHEMONTID:0004647,0.0
593,CHEMONTID:0001713,0.0
592,CHEMONTID:0000338,0.0
591,CHEMONTID:0000324,0.0
590,CHEMONTID:0000299,0.0
589,CHEMONTID:0000472,0.0
588,CHEBI:24669,0.0
587,CHEBI:61355,0.0
586,CHEBI:35819,0.0
585,CHEBI:35748,0.0
584,CHEMONTID:0002495,0.0
583,CHEMONTID:0000153,0.0
582,CHEBI:25481,0.0
581,CHEBI:36141,0.0
580,CHEMONTID:0003372,0.0
579,CHEMONTID:0001989,0.0
578,CHEMONTID:0001116,0.0
577,CHEMONTID:0000484,0.0
608,CHEBI:36699,0.0
609,CHEBI:36885,0.0
610,CHEBI:35346,0.0
627,CHEMONTID:0000186,0.0
641,CHEMONTID:0003416,0.0
640,CHEMONTID:0002460,0.0
639,CHEMONTID:0004097,0.0
638,CHEMONTID:0000295,0.0
637,CHEBI:22720,0.0
636,CHEMONTID:0000106,0.0
635,CHEMONTID:0000252,0.0
634,CHEMONTID:0000130,0.0
633,CHEBI:35624,0.0
632,CHEBI:78801,0.0
631,CHEBI:26518,0.0
630,CHEMONTID:0003449,0.0
629,CHEMONTID:0001975,0.0
628,CHEBI:46775,0.0
626,CHEMONTID:0001880,0.0
611,CHEBI:77166,0.0
625,CHEMONTID:0002912,0.0
624,CHEMONTID:0002977,0.0
623,CHEMONTID:0002645,0.0
622,CHEMONTID:0002973,0.0
621,CHEMONTID:0003227,0.0
620,CHEMONTID:0003058,0.0
619,CHEMONTID:0001468,0.0
618,CHEMONTID:0003095,0.0
617,CHEMONTID:0001295,0.0
616,CHEBI:47788,0.0
615,CHEBI:36841,0.0
614,CHEBI:35350,0.0
613,CHEBI:35789,0.0
612,CHEBI:35344,0.0
435,CHEMONTID:0003922,0.0
434,CHEMONTID:0001145,0.0
433,CHEMONTID:0002964,0.0
175,CHEMONTID:0000375,0.0
168,CHEMONTID:0002565,0.0
169,CHEMONTID:0000284,0.0
170,CHEMONTID:0004176,0.0
171,CHEBI:24783,0.0
172,CHEBI:53662,0.0
174,CHEMONTID:0004707,0.0
176,CHEMONTID:0000474,0.0
130,CHEBI:36684,0.0
178,CHEMONTID:0000117,0.0
179,CHEBI:51683,0.0
180,CHEBI:48378,0.0
181,CHEMONTID:0000138,0.0
182,CHEMONTID:0004113,0.0
183,CHEMONTID:0002484,0.0
167,CHEMONTID:0002363,0.0
166,CHEMONTID:0000303,0.0
164,CHEBI:22723,0.0
163,CHEBI:22160,0.0
156,CHEMONTID:0000051,0.0
155,CHEMONTID:0001401,0.0
154,CHEMONTID:0001563,0.0
152,CHEMONTID:0002402,0.0
151,CHEMONTID:0004321,0.0
148,CHEMONTID:0000264,0.0
147,CHEBI:32988,0.0
145,CHEBI:64611,0.0
142,CHEBI:25985,0.0
141,CHEBI:29067,0.0
140,CHEBI:37622,0.0
138,CHEBI:25186,0.0
137,CHEBI:25409,0.0
185,CHEBI:38313,0.0
186,CHEMONTID:0000067,0.0
187,CHEBI:38260,0.0
227,CHEBI:70813,0.0
242,CHEBI:24995,0.0
241,CHEBI:35489,0.0
240,CHEBI:24780,0.0
239,CHEBI:29348,0.0
237,CHEBI:46770,0.0
236,CHEBI:22278,0.0
235,CHEBI:22475,0.0
234,CHEBI:26649,0.0
233,CHEBI:27267,0.0
232,CHEBI:26273,0.0
231,CHEBI:52898,0.0
230,CHEBI:22654,0.0
229,CHEBI:47003,0.0
228,CHEBI:24899,0.0
226,CHEBI:24599,0.0
189,CHEBI:24631,0.0
225,CHEBI:22617,0.0
224,CHEBI:62761,0.0
216,CHEMONTID:0003899,0.0
210,CHEBI:35727,0.0
200,CHEBI:24897,0.0
198,CHEMONTID:0002955,0.0
197,CHEMONTID:0002054,0.0
196,CHEMONTID:0002932,0.0
195,CHEMONTID:0002566,0.0
194,CHEBI:24922,0.0
193,CHEMONTID:0000089,0.0
192,CHEMONTID:0000218,0.0
191,CHEMONTID:0000114,0.0
190,CHEMONTID:0003276,0.0
135,CHEBI:51569,0.0
129,CHEBI:36683,0.0
432,CHEBI:24079,0.0
46,CHEBI:33552,0.0
33,CHEMONTID:0003033,0.0
34,CHEMONTID:0001368,0.0
36,CHEMONTID:0004140,0.0
41,CHEMONTID:0004150,0.0
43,CHEBI:23763,0.0
45,CHEBI:74266,0.0
47,CHEBI:35358,0.0
126,CHEBI:26151,0.0
48,CHEBI:47857,0.0
54,CHEMONTID:0002287,0.0
56,CHEMONTID:0002023,0.0
57,CHEMONTID:0000270,0.0
61,CHEBI:50413,0.0
63,CHEBI:22478,0.0
31,CHEMONTID:0000228,0.0
29,CHEMONTID:0004742,0.0
28,CHEMONTID:0003410,0.0
27,CHEMONTID:0000123,0.0
25,CHEMONTID:0000000,0.0
24,CHEBI:22727,0.0
20,CHEBI:25806,0.0
19,CHEBI:48891,0.0
15,CHEBI:24431,0.0
14,CHEBI:38443,0.0
13,CHEBI:36586,0.0
12,CHEBI:72695,0.0
9,CHEBI:50860,0.0
7,CHEBI:38101,0.0
6,CHEBI:38104,0.0
5,CHEBI:36963,0.0
3,CHEBI:35356,0.0
66,CHEBI:50995,0.0
70,CHEBI:78616,0.0
71,CHEBI:18059,0.0
108,CHEBI:26421,0.0
125,CHEMONTID:0004296,0.0
124,CHEMONTID:0003670,0.0
123,CHEMONTID:0000118,0.0
122,CHEMONTID:0002285,0.0
121,CHEMONTID:0003671,0.0
119,CHEMONTID:0000119,0.0
118,CHEMONTID:0004298,0.0
117,CHEBI:17087,0.0
116,CHEBI:76224,0.0
115,CHEBI:22187,0.0
112,CHEMONTID:0000229,0.0
111,CHEMONTID:0003886,0.0
110,CHEMONTID:0000283,0.0
109,CHEMONTID:0003901,0.0
105,CHEBI:33659,0.0
73,CHEBI:52782,0.0
104,CHEBI:48901,0.0
103,CHEBI:5686,0.0
102,CHEBI:38207,0.0
101,CHEBI:50996,0.0
99,CHEMONTID:0000282,0.0
98,CHEMONTID:0003305,0.0
95,CHEMONTID:0002228,0.0
92,CHEMONTID:0001897,0.0
85,CHEMONTID:0000198,0.0
84,CHEMONTID:0001675,0.0
83,CHEMONTID:0000011,0.0
80,CHEBI:47779,0.0
78,CHEBI:32863,0.0
74,CHEBI:17478,0.0
243,CHEBI:15841,0.0
244,CHEBI:60027,0.0
245,CHEMONTID:0003297,0.0
381,CHEBI:63175,0.0
369,CHEMONTID:0000226,0.0
370,CHEMONTID:0001666,0.0
372,CHEBI:52849,0.0
373,CHEBI:38106,0.0
374,CHEMONTID:0001894,0.0
376,CHEBI:38102,0.0
382,CHEMONTID:0001813,0.0
246,CHEMONTID:0003298,0.0
385,CHEBI:35275,0.0
386,CHEBI:59793,0.0
387,CHEBI:59792,0.0
388,CHEMONTID:0002205,0.0
389,CHEMONTID:0002131,0.0
391,CHEMONTID:0001925,0.0
368,CHEMONTID:0003357,0.0
365,CHEBI:16385,0.0
364,CHEBI:64709,0.0
361,CHEBI:22327,0.0
360,CHEBI:46845,0.0
359,CHEBI:26410,0.0
358,CHEBI:36820,0.0
356,CHEMONTID:0001316,0.0
354,CHEMONTID:0004472,0.0
352,CHEMONTID:0000369,0.0
351,CHEBI:51614,0.0
350,CHEBI:39430,0.0
349,CHEBI:59777,0.0
347,CHEMONTID:0004293,0.0
346,CHEBI:38767,0.0
344,CHEMONTID:0002463,0.0
343,CHEMONTID:0000254,0.0
392,CHEMONTID:0002450,0.0
393,CHEBI:37963,0.0
394,CHEBI:33823,0.0
416,CHEBI:27162,0.0
431,CHEBI:52640,0.0
430,CHEBI:50759,0.0
429,CHEMONTID:0001165,0.0
428,CHEMONTID:0003134,0.0
427,CHEBI:35363,0.0
426,CHEMONTID:0003031,0.0
425,CHEMONTID:0002257,0.0
424,CHEMONTID:0004196,0.0
423,CHEMONTID:0000183,0.0
422,CHEMONTID:0004831,0.0
421,CHEBI:38275,0.0
420,CHEBI:25676,0.0
419,CHEBI:74223,0.0
417,CHEBI:24828,0.0
415,CHEMONTID:0004148,0.0
395,CHEBI:3992,0.0
414,CHEMONTID:0004317,0.0
413,CHEMONTID:0004323,0.0
412,CHEMONTID:0000348,0.0
411,CHEMONTID:0002967,0.0
410,CHEBI:48927,0.0
409,CHEBI:22661,0.0
408,CHEBI:24315,0.0
407,CHEMONTID:0003964,0.0
406,CHEBI:22531,0.0
405,CHEMONTID:0000132,0.0
404,CHEMONTID:0003487,0.0
403,CHEMONTID:0003889,0.0
402,CHEMONTID:0001211,0.0
399,CHEMONTID:0003909,0.0
342,CHEMONTID:0001238,0.0
341,CHEMONTID:0002811,0.0
340,CHEMONTID:0004551,0.0
263,CHEMONTID:0004646,0.0
279,CHEMONTID:0001670,0.0
277,CHEBI:18379,0.0
276,CHEBI:26878,0.0
275,CHEMONTID:0001198,0.0
274,CHEMONTID:0001230,0.0
273,CHEMONTID:0000510,0.0
272,CHEMONTID:0000023,0.0
271,CHEBI:33307,0.0
270,CHEBI:25477,0.0
269,CHEBI:47956,0.0
267,CHEMONTID:0002800,0.0
266,CHEMONTID:0001662,0.0
265,CHEMONTID:0000078,0.0
264,CHEMONTID:0001096,0.0
261,CHEMONTID:0004314,0.0
282,CHEBI:17062,0.0
260,CHEMONTID:0002309,0.0
259,CHEMONTID:0004316,0.0
258,CHEMONTID:0004310,0.0
257,CHEMONTID:0001189,0.0
256,CHEMONTID:0004322,0.0
255,CHEMONTID:0000064,0.0
254,CHEMONTID:0004312,0.0
253,CHEMONTID:0004329,0.0
252,CHEMONTID:0004330,0.0
251,CHEMONTID:0004315,0.0
250,CHEMONTID:0004311,0.0
249,CHEMONTID:0004320,0.0
248,CHEMONTID:0004319,0.0
247,CHEMONTID:0001995,0.0
281,CHEMONTID:0000362,0.0
283,CHEBI:23480,0.0
339,CHEMONTID:0001350,0.0
322,CHEBI:35381,0.0
338,CHEMONTID:0000176,0.0
337,CHEBI:36054,0.0
336,CHEBI:33308,0.0
335,CHEBI:38976,0.0
334,CHEBI:83565,0.0
333,CHEMONTID:0001564,0.0
332,CHEMONTID:0001549,0.0
331,CHEMONTID:0000259,0.0
329,CHEMONTID:0002105,0.0
328,CHEMONTID:0001167,0.0
327,CHEMONTID:0003481,0.0
326,CHEMONTID:0001091,0.0
325,CHEMONTID:0002204,0.0
323,CHEMONTID:0004165,0.0
321,CHEBI:26961,0.0
284,CHEMONTID:0000129,0.0
318,CHEMONTID:0002311,0.0
316,CHEMONTID:0000279,0.0
315,CHEMONTID:0001505,0.0
312,CHEMONTID:0000245,0.0
311,CHEMONTID:0001797,0.0
309,CHEBI:35875,0.0
305,CHEBI:25810,0.0
303,CHEMONTID:0000335,0.0
302,CHEBI:48591,0.0
299,CHEMONTID:0002202,0.0
292,CHEBI:39447,0.0
288,CHEMONTID:0002510,0.0
287,CHEMONTID:0002647,0.0
286,CHEMONTID:0002674,0.0
712,CHEMONTID:0002552,0.0
713,CHEMONTID:0001144,0.0
714,CHEMONTID:0004403,0.0
1087,CHEBI:61655,0.0
1080,CHEMONTID:0000417,0.0
1081,CHEMONTID:0001659,0.0
1082,CHEMONTID:0002224,0.0
1084,CHEBI:51276,0.0
1085,CHEMONTID:0002337,0.0
1086,CHEMONTID:0001209,0.0
1088,CHEBI:36845,0.0
1061,CHEBI:51517,0.0
1089,CHEBI:36860,0.0
1090,CHEBI:38092,0.0
1091,CHEBI:26766,0.0
1092,CHEBI:74634,0.0
1093,CHEMONTID:0001125,0.0
1094,CHEMONTID:0001559,0.0
1079,CHEMONTID:0000093,0.0
1078,CHEBI:38099,0.0
1077,CHEMONTID:0000318,0.0
1076,CHEMONTID:0000293,0.0
1075,CHEMONTID:0002000,0.0
1074,CHEBI:35676,0.0
1073,CHEMONTID:0001286,0.0
1072,CHEMONTID:0003456,0.0
1071,CHEMONTID:0003307,0.0
1070,CHEMONTID:0000072,0.0
1069,CHEBI:64051,0.0
1068,CHEMONTID:0002126,0.0
1067,CHEBI:75874,0.0
1066,CHEMONTID:0002748,0.0
1065,CHEMONTID:0004538,0.0
1064,CHEMONTID:0002854,0.0
1063,CHEMONTID:0003091,0.0
1095,CHEMONTID:0001013,0.0
1096,CHEMONTID:0003241,0.0
1097,CHEMONTID:0004495,0.0
1114,CHEBI:37141,0.0
1128,CHEBI:38914,0.0
1127,CHEMONTID:0000159,0.0
1126,CHEMONTID:0001537,0.0
1125,CHEBI:32955,0.0
1124,CHEBI:61498,0.0
1123,CHEMONTID:0003099,0.0
1122,CHEMONTID:0000150,0.0
1121,CHEMONTID:0000319,0.0
1120,CHEBI:53802,0.0
1119,CHEMONTID:0002393,0.0
1118,CHEBI:50228,0.0
1117,CHEMONTID:0001515,0.0
1116,CHEMONTID:0001029,0.0
1115,CHEMONTID:0001098,0.0
1113,CHEMONTID:0001185,0.0
1098,CHEMONTID:0001555,0.0
1112,CHEMONTID:0002626,0.0
1111,CHEBI:26819,0.0
1110,CHEBI:37919,0.0
1109,CHEMONTID:0002410,0.0
1108,CHEMONTID:0000192,0.0
1107,CHEMONTID:0000343,0.0
1106,CHEBI:48337,0.0
1105,CHEBI:74222,0.0
1104,CHEBI:48683,0.0
1103,CHEMONTID:0003891,0.0
1102,CHEMONTID:0000301,0.0
1101,CHEBI:35259,0.0
1100,CHEBI:47985,0.0
1099,CHEMONTID:0002608,0.0
1062,CHEMONTID:0001934,0.0
1060,CHEBI:26921,0.0
990,CHEBI:48109,0.0
1015,CHEMONTID:0001118,0.0
1009,CHEBI:24803,0.0
1010,CHEBI:75884,0.0
1011,CHEMONTID:0001753,0.0
1012,CHEMONTID:0001252,0.0
1013,CHEMONTID:0002013,0.0
1014,CHEMONTID:0003100,0.0
1016,CHEBI:35359,0.0
1059,CHEMONTID:0000083,0.0
1017,CHEBI:2634,0.0
1018,CHEMONTID:0002313,0.0
1019,CHEMONTID:0004006,0.0
1020,CHEMONTID:0001045,0.0
1021,CHEBI:38532,0.0
1022,CHEMONTID:0000076,0.0
1008,CHEMONTID:0004493,0.0
1007,CHEMONTID:0001499,0.0
1006,CHEMONTID:0000215,0.0
1005,CHEBI:35156,0.0
1004,CHEBI:33905,0.0
1003,CHEMONTID:0003608,0.0
1002,CHEMONTID:0003997,0.0
1001,CHEMONTID:0004036,0.0
1000,CHEBI:25696,0.0
999,CHEMONTID:0001508,0.0
998,CHEMONTID:0004612,0.0
997,CHEMONTID:0000036,0.0
996,CHEMONTID:0000141,0.0
995,CHEMONTID:0004297,0.0
994,CHEMONTID:0000120,0.0
993,CHEBI:35715,0.0
992,CHEBI:22726,0.0
1023,CHEMONTID:0000194,0.0
1024,CHEMONTID:0000115,0.0
1026,CHEMONTID:0001900,0.0
1044,CHEMONTID:0000133,0.0
1058,CHEMONTID:0001973,0.0
1057,CHEMONTID:0000302,0.0
1056,CHEBI:46700,0.0
1055,CHEBI:35790,0.0
1054,CHEMONTID:0000403,0.0
1053,CHEMONTID:0000170,0.0
1052,CHEBI:50695,0.0
1051,CHEBI:37826,0.0
1050,CHEMONTID:0001921,0.0
1049,CHEMONTID:0001998,0.0
1048,CHEBI:48546,0.0
1047,CHEMONTID:0003026,0.0
1046,CHEMONTID:0001691,0.0
1045,CHEBI:47880,0.0
1043,CHEMONTID:0003926,0.0
1027,CHEMONTID:0004485,0.0
1042,CHEMONTID:0004673,0.0
1041,CHEBI:67265,0.0
1040,CHEMONTID:0000197,0.0
1039,CHEMONTID:0000108,0.0
1038,CHEMONTID:0000179,0.0
1037,CHEMONTID:0000317,0.0
1036,CHEBI:48684,0.0
1035,CHEMONTID:0003864,0.0
1034,CHEMONTID:0000199,0.0
1033,CHEMONTID:0003413,0.0
1032,CHEMONTID:0003412,0.0
1031,CHEBI:27171,0.0
1030,CHEBI:50747,0.0
1029,CHEBI:50930,0.0
1129,CHEMONTID:0000095,0.0
1130,CHEMONTID:0001232,0.0
1131,CHEMONTID:0000172,0.0
1224,CHEBI:48589,0.0
1218,CHEMONTID:0001348,0.0
1219,CHEMONTID:0003467,0.0
1220,CHEMONTID:0004008,0.0
1221,CHEBI:77477,0.0
1222,CHEMONTID:0002397,0.0
1223,CHEMONTID:0003574,0.0
1225,CHEBI:77727,0.0
1132,CHEBI:37581,0.0
1226,CHEMONTID:0001582,0.0
1227,CHEMONTID:0000164,0.0
1228,CHEBI:48436,0.0
1229,CHEMONTID:0003216,0.0
1230,CHEMONTID:0002017,0.0
1231,CHEBI:64986,0.0
1217,CHEMONTID:0001928,0.0
1216,CHEBI:46974,0.0
1215,CHEBI:46977,0.0
1214,CHEMONTID:0002246,0.0
1213,CHEBI:51323,0.0
1212,CHEMONTID:0001976,0.0
1211,CHEMONTID:0001858,0.0
1210,CHEMONTID:0001857,0.0
1209,CHEBI:73539,0.0
1208,CHEMONTID:0000219,0.0
1207,CHEBI:38522,0.0
1206,CHEMONTID:0003928,0.0
1205,CHEMONTID:0003455,0.0
1204,CHEBI:35479,0.0
1203,CHEBI:38700,0.0
1202,CHEBI:29281,0.0
1201,CHEMONTID:0002966,0.0
1232,CHEMONTID:0001640,0.0
1233,CHEMONTID:0001641,0.0
1234,CHEMONTID:0003522,0.0
1251,CHEMONTID:0000040,0.0
1265,CHEMONTID:0004007,0.0
1264,CHEBI:39307,0.0
1263,CHEMONTID:0000333,0.0
1262,CHEBI:59202,0.0
1261,CHEMONTID:0004145,0.0
1260,CHEBI:16733,0.0
1259,CHEMONTID:0004576,0.0
1258,CHEMONTID:0002635,0.0
1257,CHEMONTID:0000225,0.0
1256,CHEMONTID:0004578,0.0
1255,CHEBI:53443,0.0
1254,CHEMONTID:0000350,0.0
1253,CHEBI:22951,0.0
1252,CHEMONTID:0002809,0.0
1250,CHEMONTID:0001151,0.0
1235,CHEMONTID:0003080,0.0
1249,CHEBI:24789,0.0
1248,CHEMONTID:0000410,0.0
1247,CHEMONTID:0002036,0.0
1246,CHEMONTID:0002182,0.0
1245,CHEBI:48441,0.0
1244,CHEBI:37533,0.0
1243,CHEMONTID:0001391,0.0
1242,CHEMONTID:0000476,0.0
1241,CHEBI:78840,0.0
1240,CHEBI:24689,0.0
1239,CHEMONTID:0004411,0.0
1238,CHEMONTID:0003015,0.0
1237,CHEBI:26044,0.0
1236,CHEBI:26043,0.0
1200,CHEMONTID:0000716,0.0
1199,CHEBI:33910,0.0
1198,CHEMONTID:0000320,0.0
1148,CHEMONTID:0000513,0.0
1162,CHEMONTID:0000310,0.0
1161,CHEMONTID:0000309,0.0
1160,CHEBI:46899,0.0
1159,CHEBI:38093,0.0
1158,CHEBI:46976,0.0
1157,CHEMONTID:0002867,0.0
1156,CHEMONTID:0002253,0.0
1155,CHEBI:48438,0.0
1154,CHEBI:17102,0.0
1153,CHEBI:25529,0.0
1152,CHEMONTID:0002938,0.0
1151,CHEMONTID:0000339,0.0
1150,CHEMONTID:0002949,0.0
1149,CHEMONTID:0000514,0.0
1147,CHEBI:23899,0.0
1164,CHEBI:24836,0.0
1146,CHEBI:26347,0.0
1145,CHEBI:23495,0.0
1144,CHEBI:27208,0.0
1143,CHEBI:15904,0.0
1142,CHEMONTID:0002444,0.0
1141,CHEMONTID:0004396,0.0
1140,CHEMONTID:0000328,0.0
1139,CHEMONTID:0002327,0.0
1138,CHEBI:46908,0.0
1137,CHEMONTID:0003872,0.0
1136,CHEMONTID:0001200,0.0
1135,CHEMONTID:0001245,0.0
1134,CHEMONTID:0001807,0.0
1133,CHEBI:26959,0.0
1163,CHEMONTID:0001349,0.0
1165,CHEBI:24835,0.0
1197,CHEBI:47804,0.0
1182,CHEMONTID:0000155,0.0
1196,CHEMONTID:0004758,0.0
1195,CHEMONTID:0002351,0.0
1194,CHEBI:48593,0.0
1193,CHEMONTID:0003575,0.0
1192,CHEMONTID:0003573,0.0
1191,CHEBI:61800,0.0
1190,CHEMONTID:0002777,0.0
1189,CHEMONTID:0004155,0.0
1188,CHEBI:38856,0.0
1187,CHEBI:24863,0.0
1186,CHEMONTID:0002319,0.0
1185,CHEMONTID:0002318,0.0
1,CHEBI:35618,0.0
1183,CHEMONTID:0000151,0.0
1181,CHEMONTID:0002106,0.0
1166,CHEMONTID:0000001,0.0
1180,CHEBI:48120,0.0
1179,CHEBI:22580,0.0
1178,CHEMONTID:0000246,0.0
1177,CHEMONTID:0003737,0.0
1176,CHEBI:63299,0.0
1175,CHEMONTID:0000483,0.0
1174,CHEMONTID:0002317,0.0
1173,CHEBI:38193,0.0
1172,CHEBI:60692,0.0
1171,CHEMONTID:0004387,0.0
1170,CHEMONTID:0003944,0.0
1169,CHEMONTID:0000554,0.0
1168,CHEMONTID:0000453,0.0
1167,CHEMONTID:0000423,0.0
991,CHEBI:33655,0.0
989,CHEMONTID:0000019,0.0
715,CHEMONTID:0001716,0.0
808,CHEMONTID:0001734,0.0
802,CHEBI:50918,0.0
803,CHEBI:60529,0.0
804,CHEMONTID:0002679,0.0
805,CHEMONTID:0002680,0.0
806,CHEMONTID:0000061,0.0
807,CHEMONTID:0001908,0.0
809,CHEMONTID:0002252,0.0
783,CHEMONTID:0002454,0.0
810,CHEMONTID:0001819,0.0
811,CHEBI:37142,0.0
812,CHEBI:26440,0.0
813,CHEMONTID:0000480,0.0
814,CHEMONTID:0002180,0.0
815,CHEMONTID:0001893,0.0
801,CHEBI:26979,0.0
800,CHEBI:38163,0.0
799,CHEMONTID:0003881,0.0
798,CHEMONTID:0002329,0.0
797,CHEMONTID:0000311,0.0
796,CHEBI:37947,0.0
795,CHEMONTID:0002542,0.0
794,CHEMONTID:0000492,0.0
793,CHEBI:59859,0.0
792,CHEBI:37332,0.0
791,CHEMONTID:0000281,0.0
790,CHEMONTID:0004656,0.0
789,CHEMONTID:0004209,0.0
788,CHEBI:27338,0.0
787,CHEMONTID:0003236,0.0
786,CHEBI:36838,0.0
785,CHEMONTID:0002564,0.0
816,CHEMONTID:0001032,0.0
817,CHEMONTID:0001518,0.0
818,CHEMONTID:0001984,0.0
835,CHEMONTID:0002978,0.0
849,CHEMONTID:0004788,0.0
848,CHEBI:53095,0.0
847,CHEMONTID:0004524,0.0
846,CHEMONTID:0000048,0.0
845,CHEMONTID:0001911,0.0
844,CHEMONTID:0000022,0.0
843,CHEMONTID:0000181,0.0
842,CHEBI:26895,0.0
841,CHEBI:36786,0.0
840,CHEBI:46955,0.0
839,CHEBI:51270,0.0
838,CHEMONTID:0000253,0.0
837,CHEBI:26776,0.0
836,CHEMONTID:0004325,0.0
834,CHEMONTID:0002974,0.0
819,CHEMONTID:0004670,0.0
833,CHEMONTID:0003569,0.0
832,CHEBI:48953,0.0
831,CHEBI:47909,0.0
830,CHEMONTID:0002273,0.0
829,CHEMONTID:0001150,0.0
828,CHEMONTID:0001149,0.0
827,CHEMONTID:0003210,0.0
826,CHEMONTID:0002547,0.0
825,CHEMONTID:0002282,0.0
824,CHEMONTID:0000250,0.0
823,CHEMONTID:0002491,0.0
822,CHEBI:55370,0.0
821,CHEBI:24628,0.0
820,CHEBI:38261,0.0
784,CHEBI:23697,0.0
782,CHEMONTID:0002452,0.0
988,CHEBI:35641,0.0
739,CHEBI:46975,0.0
733,CHEMONTID:0002316,0.0
734,CHEMONTID:0001986,0.0
735,CHEBI:18946,0.0
736,CHEMONTID:0001244,0.0
737,CHEMONTID:0000267,0.0
738,CHEMONTID:0001026,0.0
740,CHEBI:38418,0.0
781,CHEMONTID:0001336,0.0
741,CHEBI:35689,0.0
742,CHEBI:38777,0.0
743,CHEBI:23066,0.0
744,CHEBI:38326,0.0
745,CHEBI:35627,0.0
746,CHEBI:38311,0.0
732,CHEMONTID:0000027,0.0
731,CHEBI:46853,0.0
730,CHEBI:46940,0.0
729,CHEMONTID:0003863,0.0
728,CHEMONTID:0001274,0.0
727,CHEMONTID:0002359,0.0
726,CHEMONTID:0000178,0.0
725,CHEMONTID:0002312,0.0
724,CHEMONTID:0004221,0.0
723,CHEBI:35683,0.0
722,CHEBI:24751,0.0
721,CHEBI:48592,0.0
720,CHEMONTID:0003999,0.0
719,CHEMONTID:0002414,0.0
718,CHEMONTID:0000213,0.0
717,CHEMONTID:0001715,0.0
716,CHEMONTID:0000053,0.0
747,CHEMONTID:0000162,0.0
748,CHEMONTID:0000173,0.0
749,CHEMONTID:0002634,0.0
766,CHEMONTID:0001248,0.0
780,CHEMONTID:0002782,0.0
779,CHEMONTID:0003902,0.0
778,CHEBI:47918,0.0
777,CHEMONTID:0002389,0.0
776,CHEMONTID:0000292,0.0
775,CHEBI:22693,0.0
774,CHEMONTID:0003972,0.0
773,CHEMONTID:0000326,0.0
772,CHEBI:50511,0.0
771,CHEMONTID:0000392,0.0
770,CHEBI:46952,0.0
769,CHEBI:38785,0.0
768,CHEMONTID:0003008,0.0
767,CHEMONTID:0000487,0.0
765,CHEMONTID:0004655,0.0
750,CHEMONTID:0001347,0.0
764,CHEMONTID:0002948,0.0
763,CHEMONTID:0002514,0.0
762,CHEMONTID:0003011,0.0
761,CHEMONTID:0003009,0.0
760,CHEBI:22495,0.0
759,CHEBI:25389,0.0
758,CHEMONTID:0004292,0.0
757,CHEMONTID:0000308,0.0
756,CHEMONTID:0000224,0.0
755,CHEBI:50265,0.0
754,CHEMONTID:0000168,0.0
753,CHEMONTID:0000102,0.0
752,CHEMONTID:0000111,0.0
751,CHEMONTID:0004003,0.0
850,CHEMONTID:0004789,0.0
851,CHEMONTID:0000079,0.0
852,CHEBI:35800,0.0
946,CHEBI:46722,0.0
940,CHEMONTID:0000285,0.0
941,CHEMONTID:0003282,0.0
942,CHEBI:46746,0.0
943,CHEMONTID:0000314,0.0
944,CHEBI:60983,0.0
945,CHEBI:37735,0.0
947,CHEMONTID:0004482,0.0
853,CHEBI:76551,0.0
948,CHEMONTID:0001169,0.0
949,CHEMONTID:0001611,0.0
950,CHEBI:17334,0.0
951,CHEBI:35992,0.0
952,CHEMONTID:0000174,0.0
953,CHEBI:48105,0.0
939,CHEBI:13248,0.0
938,CHEMONTID:0004189,0.0
937,CHEMONTID:0000025,0.0
936,CHEMONTID:0000058,0.0
935,CHEBI:25418,0.0
934,CHEBI:38830,0.0
933,CHEBI:25961,0.0
932,CHEMONTID:0004478,0.0
931,CHEMONTID:0001373,0.0
930,CHEMONTID:0003570,0.0
929,CHEMONTID:0001466,0.0
928,CHEBI:51721,0.0
927,CHEBI:50114,0.0
926,CHEBI:73478,0.0
925,CHEBI:51723,0.0
924,CHEMONTID:0002310,0.0
923,CHEMONTID:0000436,0.0
954,CHEBI:46633,0.0
955,CHEMONTID:0002362,0.0
956,CHEMONTID:0004361,0.0
973,CHEMONTID:0001820,0.0
987,CHEMONTID:0002030,0.0
986,CHEMONTID:0001236,0.0
985,CHEMONTID:0002746,0.0
984,CHEMONTID:0000371,0.0
983,CHEBI:25904,0.0
982,CHEMONTID:0001731,0.0
981,CHEMONTID:0001224,0.0
980,CHEBI:46846,0.0
979,CHEMONTID:0002314,0.0
978,CHEMONTID:0000196,0.0
977,CHEBI:38329,0.0
976,CHEBI:55374,0.0
975,CHEMONTID:0003544,0.0
974,CHEBI:62499,0.0
972,CHEMONTID:0002553,0.0
957,CHEMONTID:0002417,0.0
971,CHEMONTID:0000210,0.0
970,CHEMONTID:0002756,0.0
969,CHEBI:27288,0.0
968,CHEBI:48513,0.0
967,CHEMONTID:0000014,0.0
966,CHEBI:50047,0.0
965,CHEMONTID:0000037,0.0
964,CHEMONTID:0001550,0.0
963,CHEBI:26799,0.0
962,CHEBI:26658,0.0
961,CHEMONTID:0000167,0.0
960,CHEMONTID:0002352,0.0
959,CHEMONTID:0004020,0.0
958,CHEMONTID:0000069,0.0
922,CHEMONTID:0000398,0.0
921,CHEBI:37598,0.0
920,CHEMONTID:0001162,0.0
869,CHEBI:46829,0.0
883,CHEBI:55436,0.0
882,CHEMONTID:0003096,0.0
881,CHEMONTID:0003888,0.0
880,CHEMONTID:0001101,0.0
879,CHEMONTID:0003072,0.0
878,CHEMONTID:0003103,0.0
877,CHEMONTID:0003101,0.0
876,CHEMONTID:0003097,0.0
875,CHEBI:70862,0.0
874,CHEMONTID:0000470,0.0
873,CHEMONTID:0002056,0.0
872,CHEMONTID:0001562,0.0
871,CHEMONTID:0001930,0.0
870,CHEBI:46685,0.0
868,CHEBI:46815,0.0
885,CHEBI:22888,0.0
867,CHEMONTID:0003905,0.0
866,CHEMONTID:0002863,0.0
865,CHEBI:36387,0.0
864,CHEMONTID:0001146,0.0
863,CHEMONTID:0000481,0.0
862,CHEMONTID:0002907,0.0
861,CHEMONTID:0002908,0.0
860,CHEMONTID:0000145,0.0
859,CHEBI:23403,0.0
858,CHEBI:37912,0.0
857,CHEMONTID:0000081,0.0
856,CHEBI:55373,0.0
855,CHEMONTID:0003947,0.0
854,CHEMONTID:0001229,0.0
884,CHEMONTID:0004253,0.0
886,CHEMONTID:0000041,0.0
919,CHEMONTID:0002008,0.0
903,CHEMONTID:0000327,0.0
918,CHEMONTID:0001319,0.0
916,CHEMONTID:0003861,0.0
915,CHEMONTID:0002009,0.0
914,CHEBI:35605,0.0
913,CHEBI:24396,0.0
912,CHEBI:23003,0.0
911,CHEBI:62733,0.0
910,CHEBI:78574,0.0
909,CHEBI:36233,0.0
908,CHEMONTID:0002609,0.0
907,CHEMONTID:0003420,0.0
906,CHEMONTID:0000400,0.0
905,CHEMONTID:0001852,0.0
904,CHEMONTID:0001302,0.0
902,CHEMONTID:0000419,0.0
887,CHEMONTID:0000306,0.0
901,CHEBI:77383,0.0
900,CHEBI:25710,0.0
899,CHEBI:26069,0.0
898,CHEMONTID:0004208,0.0
897,CHEMONTID:0000184,0.0
896,CHEMONTID:0002411,0.0
895,CHEMONTID:0002451,0.0
894,CHEMONTID:0004439,0.0
893,CHEMONTID:0000038,0.0
892,CHEMONTID:0004537,0.0
891,CHEMONTID:0000274,0.0
890,CHEBI:22213,0.0
889,CHEMONTID:0002529,0.0
888,CHEMONTID:0002633,0.0
2367,CHEMONTID:0001717,0.0
